/*
SQLyog Community v13.1.6 (64 bit)
MySQL - 10.4.32-MariaDB : Database - sistema_bitacoras
*********************************************************************
*/

/*!40101 SET NAMES utf8 */;

/*!40101 SET SQL_MODE=''*/;

/*!40014 SET @OLD_UNIQUE_CHECKS=@@UNIQUE_CHECKS, UNIQUE_CHECKS=0 */;
/*!40014 SET @OLD_FOREIGN_KEY_CHECKS=@@FOREIGN_KEY_CHECKS, FOREIGN_KEY_CHECKS=0 */;
/*!40101 SET @OLD_SQL_MODE=@@SQL_MODE, SQL_MODE='NO_AUTO_VALUE_ON_ZERO' */;
/*!40111 SET @OLD_SQL_NOTES=@@SQL_NOTES, SQL_NOTES=0 */;
CREATE DATABASE /*!32312 IF NOT EXISTS*/`sistema_bitacoras` /*!40100 DEFAULT CHARACTER SET utf8mb4 COLLATE utf8mb4_unicode_ci */;

USE `sistema_bitacoras`;

/*Table structure for table `acotaciones` */

DROP TABLE IF EXISTS `acotaciones`;

CREATE TABLE `acotaciones` (
  `id` int(11) NOT NULL AUTO_INCREMENT,
  `clave` varchar(10) NOT NULL,
  `descripcion` varchar(255) NOT NULL,
  `color` varchar(30) DEFAULT NULL,
  `requiere_alerta` tinyint(1) NOT NULL DEFAULT 0,
  `activo` tinyint(1) NOT NULL DEFAULT 1,
  PRIMARY KEY (`id`),
  UNIQUE KEY `uq_acotacion_clave` (`clave`)
) ENGINE=InnoDB AUTO_INCREMENT=22 DEFAULT CHARSET=utf8mb4 COLLATE=utf8mb4_unicode_ci;

/*Data for the table `acotaciones` */

insert  into `acotaciones`(`id`,`clave`,`descripcion`,`color`,`requiere_alerta`,`activo`) values 
(1,'I','INCAPACIDAD','morado',1,1),
(2,'NL','NO LABORA','gris',0,1),
(3,'NR','NO REGRESO','rojo',1,1),
(4,'B','BAJA','negro',1,1),
(5,'FJ','FALTA JUSTIFICADA','azul_claro',1,1),
(6,'FES','FESTIVO','verde_claro',0,1),
(7,'C','CASTIGO','rojo',1,1),
(8,'V','VACACIONES','celeste',0,1),
(9,'F','FALTA','rojo',1,1),
(10,'R','RENUNCIA','negro',1,1),
(11,'D','DEFUNCION','negro',1,1),
(12,'CDD','CAMBIO DE DIA DE DESCANSO','amarillo',0,1),
(13,'PSG','PERMISO SIN GOCE DE SUELDO','naranja',1,1),
(14,'PCG','PERMISO CON GOCE DE SUELDO','verde_claro',0,1),
(15,'ST','SALIDA TEMPRANO','naranja',1,1),
(16,'SC','SERVICIO A CLIENTE','azul',0,1),
(17,'CT','CAMBIO DE TURNO','rosa',0,1),
(18,'PM','PERMISO MATERNIDAD','rosa',0,1),
(19,'PP','PERMISO PATERNIDAD','azul_claro',0,1),
(20,'CA','CAMBIO DE AREA','morado',1,1),
(21,'M','MATRIMONIO','rosa',0,1);

/*Table structure for table `areas` */

DROP TABLE IF EXISTS `areas`;

CREATE TABLE `areas` (
  `id` int(11) NOT NULL AUTO_INCREMENT,
  `nombre` varchar(80) NOT NULL,
  `created_at` timestamp NOT NULL DEFAULT current_timestamp(),
  PRIMARY KEY (`id`),
  UNIQUE KEY `nombre` (`nombre`)
) ENGINE=InnoDB AUTO_INCREMENT=11 DEFAULT CHARSET=utf8mb4 COLLATE=utf8mb4_unicode_ci;

/*Data for the table `areas` */

insert  into `areas`(`id`,`nombre`,`created_at`) values 
(1,'Molinos','2026-06-22 15:44:48'),
(2,'Extrusion','2026-06-22 15:44:48'),
(3,'Formulacion','2026-06-22 15:44:48'),
(4,'Mezclas','2026-06-22 15:44:48'),
(5,'Calidad','2026-06-22 15:44:48');

/*Table structure for table `asistencias` */

DROP TABLE IF EXISTS `asistencias`;

CREATE TABLE `asistencias` (
  `id` int(11) NOT NULL AUTO_INCREMENT,
  `empleado_id` int(11) NOT NULL,
  `numero_nomina` varchar(60) NOT NULL,
  `tipo` enum('entrada','salida_comida','entrada_comida','salida') NOT NULL,
  `fecha` date NOT NULL,
  `fecha_jornada` date NOT NULL,
  `hora` time NOT NULL,
  `created_at` timestamp NOT NULL DEFAULT current_timestamp(),
  PRIMARY KEY (`id`),
  KEY `idx_asistencias_numero_nomina` (`numero_nomina`),
  KEY `idx_asistencias_empleado_id` (`empleado_id`),
  KEY `idx_asistencias_fecha` (`fecha`),
  KEY `idx_asistencias_fecha_jornada` (`fecha_jornada`),
  KEY `idx_asistencias_tipo` (`tipo`),
  CONSTRAINT `fk_asistencias_empleado` FOREIGN KEY (`empleado_id`) REFERENCES `empleados` (`id`) ON DELETE CASCADE ON UPDATE CASCADE
) ENGINE=InnoDB AUTO_INCREMENT=1492 DEFAULT CHARSET=utf8mb4 COLLATE=utf8mb4_unicode_ci;

/*Data for the table `asistencias` */

insert  into `asistencias`(`id`,`empleado_id`,`numero_nomina`,`tipo`,`fecha`,`fecha_jornada`,`hora`,`created_at`) values 
(1,74,'5200','entrada','2026-06-22','2026-06-22','15:05:21','2026-06-22 16:05:21'),
(2,1,'3939','entrada','2026-06-22','2026-06-22','16:33:50','2026-06-22 17:33:50'),
(3,40,'1948','entrada','2026-06-22','2026-06-22','18:01:21','2026-06-22 19:01:21'),
(4,49,'4767','entrada','2026-06-22','2026-06-22','18:07:30','2026-06-22 19:07:30'),
(5,49,'4767','salida_comida','2026-06-22','2026-06-22','18:07:33','2026-06-22 19:07:33'),
(6,29,'2101','entrada','2026-06-22','2026-06-22','18:13:22','2026-06-22 19:13:22'),
(7,46,'4328','entrada','2026-06-22','2026-06-22','18:13:49','2026-06-22 19:13:49'),
(8,45,'4520','entrada','2026-06-22','2026-06-22','18:14:01','2026-06-22 19:14:01'),
(9,44,'4505','entrada','2026-06-22','2026-06-22','18:14:29','2026-06-22 19:14:29'),
(10,41,'4299','entrada','2026-06-22','2026-06-22','18:16:24','2026-06-22 19:16:24'),
(11,51,'5199','entrada','2026-06-22','2026-06-22','18:16:29','2026-06-22 19:16:29'),
(12,52,'5189','entrada','2026-06-22','2026-06-22','18:16:36','2026-06-22 19:16:36'),
(13,37,'4300','entrada','2026-06-22','2026-06-22','18:28:50','2026-06-22 19:28:50'),
(14,37,'4300','salida_comida','2026-06-22','2026-06-22','18:28:56','2026-06-22 19:28:56'),
(15,29,'2101','salida_comida','2026-06-22','2026-06-22','18:50:30','2026-06-22 19:50:30'),
(16,44,'4505','salida_comida','2026-06-22','2026-06-22','18:52:52','2026-06-22 19:52:52'),
(17,45,'4520','salida_comida','2026-06-22','2026-06-22','18:52:59','2026-06-22 19:52:59'),
(18,46,'4328','salida_comida','2026-06-22','2026-06-22','18:53:02','2026-06-22 19:53:02'),
(19,41,'4299','salida_comida','2026-06-22','2026-06-22','18:53:06','2026-06-22 19:53:06'),
(20,51,'5199','salida_comida','2026-06-22','2026-06-22','19:04:54','2026-06-22 20:04:54'),
(21,51,'5199','entrada_comida','2026-06-22','2026-06-22','19:04:54','2026-06-22 20:04:54'),
(22,52,'5189','salida_comida','2026-06-22','2026-06-22','19:05:02','2026-06-22 20:05:02'),
(23,52,'5189','entrada_comida','2026-06-22','2026-06-22','19:05:02','2026-06-22 20:05:02'),
(24,37,'4300','entrada_comida','2026-06-22','2026-06-22','19:09:06','2026-06-22 20:09:06'),
(25,49,'4767','entrada_comida','2026-06-22','2026-06-22','19:09:09','2026-06-22 20:09:09'),
(26,35,'1358','entrada','2026-06-22','2026-06-22','19:13:04','2026-06-22 20:13:04'),
(27,28,'2685','entrada','2026-06-22','2026-06-22','19:24:49','2026-06-22 20:24:49'),
(28,28,'2685','salida_comida','2026-06-22','2026-06-22','19:24:54','2026-06-22 20:24:54'),
(29,47,'4961','entrada','2026-06-22','2026-06-22','19:35:32','2026-06-22 20:35:32'),
(30,47,'4961','salida_comida','2026-06-22','2026-06-22','19:35:38','2026-06-22 20:35:38'),
(31,31,'1929','entrada','2026-06-22','2026-06-22','20:00:06','2026-06-22 21:00:06'),
(32,38,'1656','entrada','2026-06-22','2026-06-22','20:05:35','2026-06-22 21:05:35'),
(33,35,'1358','salida_comida','2026-06-22','2026-06-22','20:05:45','2026-06-22 21:05:45'),
(34,28,'2685','entrada_comida','2026-06-22','2026-06-22','20:06:03','2026-06-22 21:06:03'),
(35,30,'3484','entrada','2026-06-22','2026-06-22','20:19:04','2026-06-22 21:19:04'),
(36,47,'4961','entrada_comida','2026-06-22','2026-06-22','20:25:45','2026-06-22 21:25:45'),
(37,32,'1086','entrada','2026-06-22','2026-06-22','20:28:56','2026-06-22 21:28:56'),
(38,48,'4972','entrada','2026-06-22','2026-06-22','20:36:26','2026-06-22 21:36:26'),
(39,50,'4755','entrada','2026-06-22','2026-06-22','20:48:34','2026-06-22 21:48:34'),
(40,31,'1929','salida_comida','2026-06-22','2026-06-22','20:55:34','2026-06-22 21:55:34'),
(41,30,'3484','salida_comida','2026-06-22','2026-06-22','20:57:39','2026-06-22 21:57:39'),
(42,38,'1656','salida_comida','2026-06-22','2026-06-22','20:58:46','2026-06-22 21:58:46'),
(43,32,'1086','salida_comida','2026-06-22','2026-06-22','21:10:56','2026-06-22 22:10:56'),
(44,16,'4255','entrada','2026-06-22','2026-06-22','21:13:33','2026-06-22 22:13:33'),
(45,12,'4458','entrada','2026-06-22','2026-06-22','21:20:25','2026-06-22 22:20:25'),
(46,5,'1198','entrada','2026-06-22','2026-06-22','21:20:37','2026-06-22 22:20:37'),
(47,17,'4945','entrada','2026-06-22','2026-06-22','21:20:51','2026-06-22 22:20:51'),
(48,8,'4342','entrada','2026-06-22','2026-06-22','21:22:34','2026-06-22 22:22:34'),
(49,9,'4370','entrada','2026-06-22','2026-06-22','21:22:36','2026-06-22 22:22:36'),
(50,18,'4949','entrada','2026-06-22','2026-06-22','21:22:39','2026-06-22 22:22:39'),
(51,2,'3488','entrada','2026-06-22','2026-06-22','21:23:05','2026-06-22 22:23:05'),
(52,3,'4272','entrada','2026-06-22','2026-06-22','21:24:27','2026-06-22 22:24:27'),
(53,51,'5199','salida','2026-06-22','2026-06-22','21:25:12','2026-06-22 22:25:12'),
(54,52,'5189','salida','2026-06-22','2026-06-22','21:25:15','2026-06-22 22:25:15'),
(55,11,'4463','entrada','2026-06-22','2026-06-22','21:25:38','2026-06-22 22:25:38'),
(56,15,'4654','entrada','2026-06-22','2026-06-22','21:25:42','2026-06-22 22:25:42'),
(57,19,'5002','entrada','2026-06-22','2026-06-22','21:25:46','2026-06-22 22:25:46'),
(58,38,'1656','entrada_comida','2026-06-22','2026-06-22','21:26:20','2026-06-22 22:26:20'),
(59,35,'1358','entrada_comida','2026-06-22','2026-06-22','21:26:30','2026-06-22 22:26:30'),
(60,34,'1584','entrada','2026-06-22','2026-06-22','21:26:37','2026-06-22 22:26:37'),
(61,44,'4505','entrada_comida','2026-06-22','2026-06-22','21:26:49','2026-06-22 22:26:49'),
(62,45,'4520','entrada_comida','2026-06-22','2026-06-22','21:26:52','2026-06-22 22:26:52'),
(63,41,'4299','entrada_comida','2026-06-22','2026-06-22','21:26:55','2026-06-22 22:26:55'),
(64,46,'4328','entrada_comida','2026-06-22','2026-06-22','21:26:59','2026-06-22 22:26:59'),
(65,49,'4767','salida','2026-06-22','2026-06-22','21:27:02','2026-06-22 22:27:02'),
(66,37,'4300','salida','2026-06-22','2026-06-22','21:27:04','2026-06-22 22:27:04'),
(67,28,'2685','salida','2026-06-22','2026-06-22','21:27:18','2026-06-22 22:27:18'),
(68,13,'4575','entrada','2026-06-22','2026-06-22','21:27:22','2026-06-22 22:27:22'),
(69,26,'5218','entrada','2026-06-22','2026-06-22','21:28:41','2026-06-22 22:28:41'),
(70,1,'3939','salida_comida','2026-06-22','2026-06-22','21:28:49','2026-06-22 22:28:49'),
(71,32,'1086','entrada_comida','2026-06-22','2026-06-22','21:29:03','2026-06-22 22:29:03'),
(72,29,'2101','entrada_comida','2026-06-22','2026-06-22','21:31:03','2026-06-22 22:31:03'),
(73,31,'1929','entrada_comida','2026-06-22','2026-06-22','21:31:06','2026-06-22 22:31:06'),
(74,27,'5219','entrada','2026-06-22','2026-06-22','21:35:17','2026-06-22 22:35:17'),
(75,30,'3484','entrada_comida','2026-06-22','2026-06-22','21:37:52','2026-06-22 22:37:52'),
(76,4,'1651','entrada','2026-06-22','2026-06-22','21:38:13','2026-06-22 22:38:13'),
(77,25,'5186','entrada','2026-06-22','2026-06-22','21:40:10','2026-06-22 22:40:10'),
(78,23,'4369','entrada','2026-06-22','2026-06-22','21:42:23','2026-06-22 22:42:23'),
(79,50,'4755','salida_comida','2026-06-22','2026-06-22','21:44:40','2026-06-22 22:44:40'),
(80,9,'4370','salida_comida','2026-06-23','2026-06-22','01:02:40','2026-06-23 02:02:40'),
(81,9,'4370','salida_comida','2026-06-23','2026-06-22','01:02:41','2026-06-23 02:02:41'),
(82,8,'4342','salida_comida','2026-06-23','2026-06-22','01:02:57','2026-06-23 02:02:57'),
(83,12,'4458','salida_comida','2026-06-23','2026-06-22','01:03:35','2026-06-23 02:03:35'),
(84,1,'3939','entrada_comida','2026-06-23','2026-06-22','01:04:35','2026-06-23 02:04:35'),
(85,26,'5218','salida_comida','2026-06-23','2026-06-22','01:04:39','2026-06-23 02:04:39'),
(86,27,'5219','salida_comida','2026-06-23','2026-06-22','01:06:20','2026-06-23 02:06:20'),
(87,26,'5218','salida_comida','2026-06-23','2026-06-22','01:41:16','2026-06-23 02:41:16'),
(88,9,'4370','salida_comida','2026-06-23','2026-06-22','01:42:46','2026-06-23 02:42:46'),
(89,8,'4342','salida_comida','2026-06-23','2026-06-22','01:42:48','2026-06-23 02:42:48'),
(90,12,'4458','salida_comida','2026-06-23','2026-06-22','01:46:00','2026-06-23 02:46:00'),
(91,27,'5219','salida_comida','2026-06-23','2026-06-22','01:46:45','2026-06-23 02:46:45'),
(92,25,'5186','salida_comida','2026-06-23','2026-06-22','01:47:52','2026-06-23 02:47:52'),
(93,11,'4463','salida_comida','2026-06-23','2026-06-22','01:48:25','2026-06-23 02:48:25'),
(94,15,'4654','salida_comida','2026-06-23','2026-06-22','01:48:28','2026-06-23 02:48:28'),
(95,1,'3939','entrada_comida','2026-06-23','2026-06-22','01:49:18','2026-06-23 02:49:18'),
(96,23,'4369','salida_comida','2026-06-23','2026-06-22','01:52:29','2026-06-23 02:52:29'),
(97,3,'4272','salida_comida','2026-06-23','2026-06-22','01:54:45','2026-06-23 02:54:45'),
(98,16,'4255','salida_comida','2026-06-23','2026-06-22','02:00:26','2026-06-23 03:00:26'),
(99,11,'4463','salida_comida','2026-06-23','2026-06-22','02:29:15','2026-06-23 03:29:15'),
(100,11,'4463','salida_comida','2026-06-23','2026-06-22','02:29:15','2026-06-23 03:29:15'),
(101,15,'4654','salida_comida','2026-06-23','2026-06-22','02:29:21','2026-06-23 03:29:21'),
(102,3,'4272','salida_comida','2026-06-23','2026-06-22','02:31:38','2026-06-23 03:31:38'),
(103,3,'4272','salida_comida','2026-06-23','2026-06-22','02:31:38','2026-06-23 03:31:38'),
(104,25,'5186','salida_comida','2026-06-23','2026-06-22','02:31:54','2026-06-23 03:31:54'),
(105,25,'5186','salida_comida','2026-06-23','2026-06-22','02:31:54','2026-06-23 03:31:54'),
(106,16,'4255','salida_comida','2026-06-23','2026-06-22','02:32:24','2026-06-23 03:32:24'),
(107,16,'4255','salida_comida','2026-06-23','2026-06-22','02:32:34','2026-06-23 03:32:34'),
(108,23,'4369','salida_comida','2026-06-23','2026-06-22','02:46:35','2026-06-23 03:46:35'),
(109,23,'4369','salida_comida','2026-06-23','2026-06-22','02:46:49','2026-06-23 03:46:49'),
(110,40,'1948','salida_comida','2026-06-23','2026-06-22','03:00:32','2026-06-23 04:00:32'),
(111,19,'5002','salida_comida','2026-06-23','2026-06-22','03:29:41','2026-06-23 04:29:41'),
(112,40,'1948','salida_comida','2026-06-23','2026-06-22','03:38:26','2026-06-23 04:38:26'),
(113,14,'4612','entrada','2026-06-23','2026-06-23','03:45:24','2026-06-23 04:45:24'),
(114,4,'1651','salida_comida','2026-06-23','2026-06-22','03:45:28','2026-06-23 04:45:28'),
(115,5,'1198','salida_comida','2026-06-23','2026-06-22','03:45:36','2026-06-23 04:45:36'),
(116,6,'3083','entrada','2026-06-23','2026-06-23','03:45:45','2026-06-23 04:45:45'),
(117,18,'4949','salida_comida','2026-06-23','2026-06-22','03:49:53','2026-06-23 04:49:53'),
(118,13,'4575','salida_comida','2026-06-23','2026-06-22','03:49:56','2026-06-23 04:49:56'),
(119,19,'5002','salida_comida','2026-06-23','2026-06-22','04:09:41','2026-06-23 05:09:41'),
(120,6,'3083','salida_comida','2026-06-23','2026-06-23','04:45:21','2026-06-23 05:45:21'),
(121,4,'1651','salida_comida','2026-06-23','2026-06-22','04:45:24','2026-06-23 05:45:24'),
(122,14,'4612','salida_comida','2026-06-23','2026-06-23','04:45:28','2026-06-23 05:45:28'),
(123,5,'1198','salida_comida','2026-06-23','2026-06-22','04:45:36','2026-06-23 05:45:36'),
(124,18,'4949','salida_comida','2026-06-23','2026-06-22','04:46:30','2026-06-23 05:46:30'),
(125,13,'4575','salida_comida','2026-06-23','2026-06-22','04:47:36','2026-06-23 05:47:36'),
(126,17,'4945','salida_comida','2026-06-23','2026-06-22','05:19:05','2026-06-23 06:19:05'),
(127,17,'4945','salida_comida','2026-06-23','2026-06-22','05:39:07','2026-06-23 06:39:07'),
(128,17,'4945','salida_comida','2026-06-23','2026-06-22','05:39:07','2026-06-23 06:39:07'),
(129,71,'1018','entrada','2026-06-23','2026-06-23','05:44:55','2026-06-23 06:44:55'),
(130,56,'3167','entrada','2026-06-23','2026-06-23','05:45:58','2026-06-23 06:45:58'),
(131,57,'3686','entrada','2026-06-23','2026-06-23','05:46:29','2026-06-23 06:46:29'),
(132,54,'3563','entrada','2026-06-23','2026-06-23','05:47:55','2026-06-23 06:47:55'),
(133,58,'1355','entrada','2026-06-23','2026-06-23','05:50:27','2026-06-23 06:50:27'),
(134,68,'4887','entrada','2026-06-23','2026-06-23','05:54:16','2026-06-23 06:54:16'),
(135,65,'4721','entrada','2026-06-23','2026-06-23','05:54:57','2026-06-23 06:54:57'),
(136,73,'5187','entrada','2026-06-23','2026-06-23','05:55:20','2026-06-23 06:55:20'),
(137,70,'4297','entrada','2026-06-23','2026-06-23','05:57:07','2026-06-23 06:57:07'),
(138,6,'3083','entrada_comida','2026-06-23','2026-06-23','05:57:23','2026-06-23 06:57:23'),
(139,8,'4342','salida_comida','2026-06-23','2026-06-22','05:57:31','2026-06-23 06:57:31'),
(140,9,'4370','salida_comida','2026-06-23','2026-06-22','05:57:32','2026-06-23 06:57:32'),
(141,26,'5218','salida_comida','2026-06-23','2026-06-22','05:58:06','2026-06-23 06:58:06'),
(142,18,'4949','salida_comida','2026-06-23','2026-06-22','05:58:14','2026-06-23 06:58:14'),
(143,62,'4550','entrada','2026-06-23','2026-06-23','05:58:21','2026-06-23 06:58:21'),
(144,3,'4272','salida_comida','2026-06-23','2026-06-22','05:58:40','2026-06-23 06:58:40'),
(145,3,'4272','salida_comida','2026-06-23','2026-06-22','05:58:40','2026-06-23 06:58:40'),
(146,11,'4463','salida_comida','2026-06-23','2026-06-22','05:58:48','2026-06-23 06:58:48'),
(147,15,'4654','salida_comida','2026-06-23','2026-06-22','05:58:53','2026-06-23 06:58:53'),
(148,23,'4369','salida_comida','2026-06-23','2026-06-22','05:59:01','2026-06-23 06:59:01'),
(149,64,'4700','entrada','2026-06-23','2026-06-23','05:59:04','2026-06-23 06:59:04'),
(150,27,'5219','salida_comida','2026-06-23','2026-06-22','05:59:14','2026-06-23 06:59:14'),
(151,40,'1948','salida_comida','2026-06-23','2026-06-22','05:59:20','2026-06-23 06:59:20'),
(152,69,'4926','entrada','2026-06-23','2026-06-23','05:59:25','2026-06-23 06:59:25'),
(153,12,'4458','salida_comida','2026-06-23','2026-06-22','05:59:41','2026-06-23 06:59:41'),
(154,74,'5200','salida_comida','2026-06-23','2026-06-22','05:59:45','2026-06-23 06:59:45'),
(155,13,'4575','salida_comida','2026-06-23','2026-06-22','05:59:52','2026-06-23 06:59:52'),
(156,60,'4371','entrada','2026-06-23','2026-06-23','05:59:58','2026-06-23 06:59:58'),
(157,17,'4945','salida_comida','2026-06-23','2026-06-22','06:00:07','2026-06-23 07:00:07'),
(158,17,'4945','salida_comida','2026-06-23','2026-06-22','06:00:07','2026-06-23 07:00:07'),
(159,16,'4255','salida_comida','2026-06-23','2026-06-22','06:00:21','2026-06-23 07:00:21'),
(160,4,'1651','salida_comida','2026-06-23','2026-06-22','06:00:27','2026-06-23 07:00:27'),
(161,2,'3488','salida_comida','2026-06-23','2026-06-22','06:00:34','2026-06-23 07:00:34'),
(162,19,'5002','salida_comida','2026-06-23','2026-06-22','06:00:39','2026-06-23 07:00:39'),
(163,25,'5186','salida_comida','2026-06-23','2026-06-22','06:00:56','2026-06-23 07:00:56'),
(164,25,'5186','salida_comida','2026-06-23','2026-06-22','06:00:56','2026-06-23 07:00:56'),
(165,67,'4394','entrada','2026-06-23','2026-06-23','06:01:27','2026-06-23 07:01:27'),
(166,67,'4394','salida_comida','2026-06-23','2026-06-23','06:01:35','2026-06-23 07:01:35'),
(167,67,'4394','entrada_comida','2026-06-23','2026-06-23','06:01:37','2026-06-23 07:01:37'),
(168,67,'4394','salida','2026-06-23','2026-06-23','06:01:39','2026-06-23 07:01:39'),
(169,67,'4394','entrada','2026-06-23','2026-06-23','06:01:45','2026-06-23 07:01:45'),
(170,61,'4453','entrada','2026-06-23','2026-06-23','06:01:57','2026-06-23 07:01:57'),
(171,53,'3221','entrada','2026-06-23','2026-06-23','06:03:32','2026-06-23 07:03:32'),
(172,55,'1389','entrada','2026-06-23','2026-06-23','06:04:46','2026-06-23 07:04:46'),
(173,50,'4755','entrada_comida','2026-06-23','2026-06-22','10:01:01','2026-06-23 11:01:01'),
(174,31,'1929','salida','2026-06-23','2026-06-22','10:01:10','2026-06-23 11:01:10'),
(175,30,'3484','salida','2026-06-23','2026-06-22','10:01:20','2026-06-23 11:01:20'),
(176,30,'3484','entrada','2026-06-23','2026-06-23','10:01:48','2026-06-23 11:01:48'),
(177,73,'5187','salida_comida','2026-06-23','2026-06-23','10:04:04','2026-06-23 11:04:04'),
(178,60,'4371','salida_comida','2026-06-23','2026-06-23','10:04:44','2026-06-23 11:04:44'),
(179,74,'5200','salida_comida','2026-06-23','2026-06-22','10:05:19','2026-06-23 11:05:19'),
(180,61,'4453','salida_comida','2026-06-23','2026-06-23','10:05:37','2026-06-23 11:05:37'),
(181,67,'4394','entrada','2026-06-23','2026-06-23','10:12:23','2026-06-23 11:12:23'),
(182,67,'4394','entrada','2026-06-23','2026-06-23','10:12:26','2026-06-23 11:12:26'),
(183,67,'4394','entrada','2026-06-23','2026-06-23','10:12:29','2026-06-23 11:12:29'),
(184,67,'4394','entrada','2026-06-23','2026-06-23','10:12:49','2026-06-23 11:12:49'),
(185,58,'1355','salida_comida','2026-06-23','2026-06-23','10:53:44','2026-06-23 11:53:44'),
(186,73,'5187','entrada_comida','2026-06-23','2026-06-23','10:54:42','2026-06-23 11:54:42'),
(187,60,'4371','entrada_comida','2026-06-23','2026-06-23','10:55:54','2026-06-23 11:55:54'),
(188,74,'5200','salida_comida','2026-06-23','2026-06-22','10:56:02','2026-06-23 11:56:02'),
(189,67,'4394','entrada','2026-06-23','2026-06-23','10:59:20','2026-06-23 11:59:20'),
(190,70,'4297','salida_comida','2026-06-23','2026-06-23','11:06:47','2026-06-23 12:06:47'),
(191,59,'4348','entrada','2026-06-23','2026-06-23','11:07:49','2026-06-23 12:07:49'),
(192,53,'3221','salida_comida','2026-06-23','2026-06-23','11:43:33','2026-06-23 12:43:33'),
(193,62,'4550','salida_comida','2026-06-23','2026-06-23','11:46:35','2026-06-23 12:46:35'),
(194,59,'4348','salida_comida','2026-06-23','2026-06-23','11:55:14','2026-06-23 12:55:14'),
(195,58,'1355','entrada_comida','2026-06-23','2026-06-23','11:58:26','2026-06-23 12:58:26'),
(196,70,'4297','entrada_comida','2026-06-23','2026-06-23','11:59:13','2026-06-23 12:59:13'),
(197,57,'3686','salida_comida','2026-06-23','2026-06-23','12:00:59','2026-06-23 13:00:59'),
(198,55,'1389','salida_comida','2026-06-23','2026-06-23','12:04:08','2026-06-23 13:04:08'),
(199,63,'4604','entrada','2026-06-23','2026-06-23','12:04:31','2026-06-23 13:04:31'),
(200,63,'4604','salida_comida','2026-06-23','2026-06-23','12:04:35','2026-06-23 13:04:35'),
(201,63,'4604','entrada_comida','2026-06-23','2026-06-23','12:04:39','2026-06-23 13:04:39'),
(202,71,'1018','salida_comida','2026-06-23','2026-06-23','12:35:31','2026-06-23 13:35:31'),
(203,57,'3686','entrada_comida','2026-06-23','2026-06-23','12:41:06','2026-06-23 13:41:06'),
(204,53,'3221','entrada_comida','2026-06-23','2026-06-23','12:55:34','2026-06-23 13:55:34'),
(205,56,'3167','salida_comida','2026-06-23','2026-06-23','12:56:18','2026-06-23 13:56:18'),
(206,56,'3167','entrada_comida','2026-06-23','2026-06-23','12:56:21','2026-06-23 13:56:21'),
(207,55,'1389','entrada_comida','2026-06-23','2026-06-23','12:56:36','2026-06-23 13:56:36'),
(208,65,'4721','salida_comida','2026-06-23','2026-06-23','12:58:11','2026-06-23 13:58:11'),
(209,69,'4926','salida_comida','2026-06-23','2026-06-23','12:58:17','2026-06-23 13:58:17'),
(210,69,'4926','entrada_comida','2026-06-23','2026-06-23','12:58:22','2026-06-23 13:58:22'),
(211,62,'4550','entrada_comida','2026-06-23','2026-06-23','13:04:17','2026-06-23 14:04:17'),
(212,68,'4887','salida_comida','2026-06-23','2026-06-23','13:06:59','2026-06-23 14:06:59'),
(213,71,'1018','entrada_comida','2026-06-23','2026-06-23','13:19:00','2026-06-23 14:19:00'),
(214,65,'4721','entrada_comida','2026-06-23','2026-06-23','13:28:57','2026-06-23 14:28:57'),
(215,38,'1656','salida','2026-06-23','2026-06-22','13:48:30','2026-06-23 14:48:30'),
(216,46,'4328','salida','2026-06-23','2026-06-22','13:48:39','2026-06-23 14:48:39'),
(217,43,'4289','entrada','2026-06-23','2026-06-23','13:48:43','2026-06-23 14:48:43'),
(218,41,'4299','salida','2026-06-23','2026-06-22','13:48:46','2026-06-23 14:48:46'),
(219,42,'3967','entrada','2026-06-23','2026-06-23','13:49:04','2026-06-23 14:49:04'),
(220,32,'1086','salida','2026-06-23','2026-06-22','13:51:30','2026-06-23 14:51:30'),
(221,44,'4505','salida','2026-06-23','2026-06-22','13:51:38','2026-06-23 14:51:38'),
(222,45,'4520','salida','2026-06-23','2026-06-22','13:51:43','2026-06-23 14:51:43'),
(223,39,'2845','entrada','2026-06-23','2026-06-23','13:51:58','2026-06-23 14:51:58'),
(224,28,'2685','entrada','2026-06-23','2026-06-23','13:53:10','2026-06-23 14:53:10'),
(225,29,'2101','salida','2026-06-23','2026-06-22','13:54:52','2026-06-23 14:54:52'),
(226,34,'1584','salida_comida','2026-06-23','2026-06-22','13:55:22','2026-06-23 14:55:22'),
(227,33,'4045','entrada','2026-06-23','2026-06-23','13:55:32','2026-06-23 14:55:32'),
(228,35,'1358','salida','2026-06-23','2026-06-22','13:55:40','2026-06-23 14:55:40'),
(229,47,'4961','salida','2026-06-23','2026-06-22','13:55:48','2026-06-23 14:55:48'),
(230,54,'3563','salida_comida','2026-06-23','2026-06-23','13:58:07','2026-06-23 14:58:07'),
(231,66,'3815','entrada','2026-06-23','2026-06-23','13:58:10','2026-06-23 14:58:10'),
(232,71,'1018','salida','2026-06-23','2026-06-23','13:58:22','2026-06-23 14:58:22'),
(233,67,'4394','entrada','2026-06-23','2026-06-23','13:58:28','2026-06-23 14:58:28'),
(234,69,'4926','salida','2026-06-23','2026-06-23','13:58:32','2026-06-23 14:58:32'),
(235,74,'5200','salida_comida','2026-06-23','2026-06-22','13:58:47','2026-06-23 14:58:47'),
(236,61,'4453','entrada_comida','2026-06-23','2026-06-23','13:58:51','2026-06-23 14:58:51'),
(237,60,'4371','salida','2026-06-23','2026-06-23','13:58:57','2026-06-23 14:58:57'),
(238,53,'3221','salida','2026-06-23','2026-06-23','13:59:12','2026-06-23 14:59:12'),
(239,63,'4604','salida','2026-06-23','2026-06-23','13:59:16','2026-06-23 14:59:16'),
(240,64,'4700','salida_comida','2026-06-23','2026-06-23','13:59:19','2026-06-23 14:59:19'),
(241,65,'4721','salida','2026-06-23','2026-06-23','13:59:50','2026-06-23 14:59:50'),
(242,59,'4348','entrada_comida','2026-06-23','2026-06-23','13:59:52','2026-06-23 14:59:52'),
(243,73,'5187','salida','2026-06-23','2026-06-23','14:00:04','2026-06-23 15:00:04'),
(244,57,'3686','salida','2026-06-23','2026-06-23','14:00:08','2026-06-23 15:00:08'),
(245,62,'4550','salida','2026-06-23','2026-06-23','14:00:11','2026-06-23 15:00:11'),
(246,68,'4887','entrada_comida','2026-06-23','2026-06-23','14:00:45','2026-06-23 15:00:45'),
(247,70,'4297','salida','2026-06-23','2026-06-23','14:00:54','2026-06-23 15:00:54'),
(248,52,'5189','entrada','2026-06-23','2026-06-23','14:02:17','2026-06-23 15:02:17'),
(249,51,'5199','entrada','2026-06-23','2026-06-23','14:02:20','2026-06-23 15:02:20'),
(250,37,'4300','entrada','2026-06-23','2026-06-23','14:03:23','2026-06-23 15:03:23'),
(251,49,'4767','entrada','2026-06-23','2026-06-23','14:09:05','2026-06-23 15:09:05'),
(252,79,'5233','entrada','2026-06-23','2026-06-23','14:09:14','2026-06-23 15:09:14'),
(253,35,'1358','entrada','2026-06-23','2026-06-23','17:43:16','2026-06-23 18:43:16'),
(254,41,'4299','entrada','2026-06-23','2026-06-23','17:45:42','2026-06-23 18:45:42'),
(255,43,'4289','salida_comida','2026-06-23','2026-06-23','17:45:46','2026-06-23 18:45:46'),
(256,51,'5199','salida_comida','2026-06-23','2026-06-23','17:46:13','2026-06-23 18:46:13'),
(257,25,'5186','salida_comida','2026-06-23','2026-06-22','17:46:16','2026-06-23 18:46:16'),
(258,44,'4505','entrada','2026-06-23','2026-06-23','17:47:16','2026-06-23 18:47:16'),
(259,45,'4520','entrada','2026-06-23','2026-06-23','17:47:21','2026-06-23 18:47:21'),
(260,46,'4328','entrada','2026-06-23','2026-06-23','17:49:44','2026-06-23 18:49:44'),
(261,37,'4300','salida_comida','2026-06-23','2026-06-23','17:50:23','2026-06-23 18:50:23'),
(262,49,'4767','salida_comida','2026-06-23','2026-06-23','17:50:40','2026-06-23 18:50:40'),
(263,29,'2101','entrada','2026-06-23','2026-06-23','17:53:31','2026-06-23 18:53:31'),
(264,76,'4855','entrada','2026-06-23','2026-06-23','17:54:36','2026-06-23 18:54:36'),
(265,40,'1948','salida_comida','2026-06-23','2026-06-22','17:59:17','2026-06-23 18:59:17'),
(266,44,'4505','salida_comida','2026-06-23','2026-06-23','18:27:48','2026-06-23 19:27:48'),
(267,45,'4520','salida_comida','2026-06-23','2026-06-23','18:27:53','2026-06-23 19:27:53'),
(268,45,'4520','entrada_comida','2026-06-23','2026-06-23','18:27:53','2026-06-23 19:27:53'),
(269,35,'1358','salida_comida','2026-06-23','2026-06-23','18:31:56','2026-06-23 19:31:56'),
(270,46,'4328','salida_comida','2026-06-23','2026-06-23','18:33:20','2026-06-23 19:33:20'),
(271,43,'4289','entrada_comida','2026-06-23','2026-06-23','18:33:25','2026-06-23 19:33:25'),
(272,41,'4299','salida_comida','2026-06-23','2026-06-23','18:33:30','2026-06-23 19:33:30'),
(273,51,'5199','entrada_comida','2026-06-23','2026-06-23','18:33:42','2026-06-23 19:33:42'),
(274,52,'5189','salida_comida','2026-06-23','2026-06-23','18:33:47','2026-06-23 19:33:47'),
(275,52,'5189','entrada_comida','2026-06-23','2026-06-23','18:33:47','2026-06-23 19:33:47'),
(276,29,'2101','salida_comida','2026-06-23','2026-06-23','18:34:28','2026-06-23 19:34:28'),
(277,50,'4755','entrada_comida','2026-06-23','2026-06-22','18:38:05','2026-06-23 19:38:05'),
(278,50,'4755','entrada_comida','2026-06-23','2026-06-22','18:38:15','2026-06-23 19:38:15'),
(279,30,'3484','salida_comida','2026-06-23','2026-06-23','18:39:37','2026-06-23 19:39:37'),
(280,42,'3967','salida_comida','2026-06-23','2026-06-23','18:39:50','2026-06-23 19:39:50'),
(281,33,'4045','salida_comida','2026-06-23','2026-06-23','18:40:12','2026-06-23 19:40:12'),
(282,33,'4045','entrada_comida','2026-06-23','2026-06-23','18:40:12','2026-06-23 19:40:12'),
(283,76,'4855','salida_comida','2026-06-23','2026-06-23','18:54:34','2026-06-23 19:54:34'),
(284,49,'4767','entrada_comida','2026-06-23','2026-06-23','18:57:40','2026-06-23 19:57:40'),
(285,37,'4300','entrada_comida','2026-06-23','2026-06-23','18:57:42','2026-06-23 19:57:42'),
(286,30,'3484','entrada_comida','2026-06-23','2026-06-23','19:24:29','2026-06-23 20:24:29'),
(287,30,'3484','salida','2026-06-23','2026-06-23','19:24:29','2026-06-23 20:24:30'),
(288,30,'3484','entrada','2026-06-23','2026-06-23','19:25:21','2026-06-23 20:25:21'),
(289,50,'4755','entrada_comida','2026-06-23','2026-06-22','19:29:08','2026-06-23 20:29:08'),
(290,47,'4961','entrada','2026-06-23','2026-06-23','19:29:42','2026-06-23 20:29:42'),
(291,33,'4045','salida','2026-06-23','2026-06-23','19:32:31','2026-06-23 20:32:31'),
(292,42,'3967','entrada_comida','2026-06-23','2026-06-23','19:33:39','2026-06-23 20:33:39'),
(293,42,'3967','salida','2026-06-23','2026-06-23','19:33:39','2026-06-23 20:33:39'),
(294,47,'4961','salida_comida','2026-06-23','2026-06-23','20:13:42','2026-06-23 21:13:42'),
(295,32,'1086','entrada','2026-06-23','2026-06-23','20:24:51','2026-06-23 21:24:51'),
(296,31,'1929','entrada','2026-06-23','2026-06-23','21:00:21','2026-06-23 22:00:21'),
(297,31,'1929','salida_comida','2026-06-23','2026-06-23','21:00:21','2026-06-23 22:00:21'),
(298,32,'1086','salida_comida','2026-06-23','2026-06-23','21:10:35','2026-06-23 22:10:35'),
(299,32,'1086','entrada_comida','2026-06-23','2026-06-23','21:10:42','2026-06-23 22:10:42'),
(300,23,'4369','salida_comida','2026-06-23','2026-06-22','21:15:14','2026-06-23 22:15:14'),
(301,80,'5239','entrada','2026-06-23','2026-06-23','21:17:22','2026-06-23 22:17:22'),
(302,5,'1198','salida_comida','2026-06-23','2026-06-22','21:18:43','2026-06-23 22:18:43'),
(303,16,'4255','salida_comida','2026-06-23','2026-06-22','21:20:49','2026-06-23 22:20:49'),
(304,18,'4949','salida_comida','2026-06-23','2026-06-22','21:22:58','2026-06-23 22:22:58'),
(305,38,'1656','entrada','2026-06-23','2026-06-23','21:24:18','2026-06-23 22:24:18'),
(306,52,'5189','salida','2026-06-23','2026-06-23','21:24:21','2026-06-23 22:24:21'),
(307,51,'5199','salida','2026-06-23','2026-06-23','21:24:23','2026-06-23 22:24:23'),
(308,26,'5218','salida_comida','2026-06-23','2026-06-22','21:24:25','2026-06-23 22:24:25'),
(309,19,'5002','salida_comida','2026-06-23','2026-06-22','21:24:28','2026-06-23 22:24:28'),
(310,34,'1584','salida_comida','2026-06-23','2026-06-22','21:24:34','2026-06-23 22:24:34'),
(311,8,'4342','salida_comida','2026-06-23','2026-06-22','21:24:41','2026-06-23 22:24:41'),
(312,9,'4370','salida_comida','2026-06-23','2026-06-22','21:24:47','2026-06-23 22:24:47'),
(313,11,'4463','salida_comida','2026-06-23','2026-06-22','21:24:53','2026-06-23 22:24:53'),
(314,15,'4654','salida_comida','2026-06-23','2026-06-22','21:24:56','2026-06-23 22:24:56'),
(315,1,'3939','entrada_comida','2026-06-23','2026-06-22','21:25:04','2026-06-23 22:25:04'),
(316,33,'4045','entrada','2026-06-23','2026-06-23','21:25:10','2026-06-23 22:25:10'),
(317,76,'4855','entrada_comida','2026-06-23','2026-06-23','21:25:16','2026-06-23 22:25:16'),
(318,49,'4767','salida','2026-06-23','2026-06-23','21:25:24','2026-06-23 22:25:24'),
(319,37,'4300','salida','2026-06-23','2026-06-23','21:25:27','2026-06-23 22:25:27'),
(320,35,'1358','entrada_comida','2026-06-23','2026-06-23','21:25:34','2026-06-23 22:25:34'),
(321,12,'4458','salida_comida','2026-06-23','2026-06-22','21:25:55','2026-06-23 22:25:55'),
(322,3,'4272','salida_comida','2026-06-23','2026-06-22','21:26:07','2026-06-23 22:26:07'),
(323,2,'3488','salida_comida','2026-06-23','2026-06-22','21:26:17','2026-06-23 22:26:17'),
(324,47,'4961','entrada_comida','2026-06-23','2026-06-23','21:26:34','2026-06-23 22:26:34'),
(325,47,'4961','salida','2026-06-23','2026-06-23','21:26:40','2026-06-23 22:26:40'),
(326,13,'4575','salida_comida','2026-06-23','2026-06-22','21:26:45','2026-06-23 22:26:45'),
(327,17,'4945','salida_comida','2026-06-23','2026-06-22','21:26:58','2026-06-23 22:26:58'),
(328,44,'4505','entrada_comida','2026-06-23','2026-06-23','21:28:28','2026-06-23 22:28:28'),
(329,46,'4328','entrada_comida','2026-06-23','2026-06-23','21:28:57','2026-06-23 22:28:57'),
(330,28,'2685','salida_comida','2026-06-23','2026-06-23','21:29:01','2026-06-23 22:29:01'),
(331,45,'4520','salida','2026-06-23','2026-06-23','21:29:07','2026-06-23 22:29:07'),
(332,6,'3083','salida','2026-06-23','2026-06-23','21:29:31','2026-06-23 22:29:31'),
(333,14,'4612','entrada_comida','2026-06-23','2026-06-23','21:29:35','2026-06-23 22:29:35'),
(334,32,'1086','salida','2026-06-23','2026-06-23','21:29:41','2026-06-23 22:29:41'),
(335,42,'3967','entrada','2026-06-23','2026-06-23','21:29:49','2026-06-23 22:29:49'),
(336,41,'4299','entrada_comida','2026-06-23','2026-06-23','21:30:15','2026-06-23 22:30:15'),
(337,30,'3484','entrada','2026-06-23','2026-06-23','21:30:23','2026-06-23 22:30:23'),
(338,4,'1651','salida_comida','2026-06-23','2026-06-22','21:30:44','2026-06-23 22:30:44'),
(339,10,'4384','entrada','2026-06-23','2026-06-23','21:30:47','2026-06-23 22:30:47'),
(340,29,'2101','entrada_comida','2026-06-23','2026-06-23','21:30:54','2026-06-23 22:30:54'),
(341,27,'5219','salida_comida','2026-06-23','2026-06-22','21:31:29','2026-06-23 22:31:29'),
(342,31,'1929','salida_comida','2026-06-23','2026-06-23','21:32:10','2026-06-23 22:32:10'),
(343,25,'5186','salida_comida','2026-06-23','2026-06-22','21:32:25','2026-06-23 22:32:25'),
(344,50,'4755','entrada_comida','2026-06-23','2026-06-22','21:32:51','2026-06-23 22:32:51'),
(345,22,'4290','entrada','2026-06-23','2026-06-23','21:47:10','2026-06-23 22:47:10'),
(346,8,'4342','entrada_comida','2026-06-24','2026-06-22','00:23:03','2026-06-24 01:23:03'),
(347,9,'4370','entrada_comida','2026-06-24','2026-06-22','00:23:06','2026-06-24 01:23:06'),
(348,10,'4384','salida_comida','2026-06-24','2026-06-23','00:24:27','2026-06-24 01:24:27'),
(349,22,'4290','salida_comida','2026-06-24','2026-06-23','00:25:34','2026-06-24 01:25:34'),
(350,27,'5219','salida_comida','2026-06-24','2026-06-22','00:43:03','2026-06-24 01:43:03'),
(351,9,'4370','entrada_comida','2026-06-24','2026-06-22','01:04:19','2026-06-24 02:04:19'),
(352,8,'4342','entrada_comida','2026-06-24','2026-06-22','01:04:21','2026-06-24 02:04:21'),
(353,22,'4290','salida_comida','2026-06-24','2026-06-23','01:09:29','2026-06-24 02:09:29'),
(354,22,'4290','salida_comida','2026-06-24','2026-06-23','01:09:29','2026-06-24 02:09:29'),
(355,10,'4384','salida_comida','2026-06-24','2026-06-23','01:09:35','2026-06-24 02:09:35'),
(356,26,'5218','salida_comida','2026-06-24','2026-06-22','01:18:12','2026-06-24 02:18:12'),
(357,26,'5218','salida_comida','2026-06-24','2026-06-22','01:18:12','2026-06-24 02:18:12'),
(358,27,'5219','salida_comida','2026-06-24','2026-06-22','01:25:31','2026-06-24 02:25:31'),
(359,12,'4458','entrada_comida','2026-06-24','2026-06-22','01:36:29','2026-06-24 02:36:29'),
(360,16,'4255','entrada_comida','2026-06-24','2026-06-22','01:38:05','2026-06-24 02:38:05'),
(361,26,'5218','salida_comida','2026-06-24','2026-06-22','01:49:54','2026-06-24 02:49:54'),
(362,11,'4463','salida_comida','2026-06-24','2026-06-22','01:51:16','2026-06-24 02:51:16'),
(363,15,'4654','salida_comida','2026-06-24','2026-06-22','01:51:20','2026-06-24 02:51:20'),
(364,1,'3939','entrada_comida','2026-06-24','2026-06-22','02:01:14','2026-06-24 03:01:14'),
(365,12,'4458','entrada_comida','2026-06-24','2026-06-22','02:18:58','2026-06-24 03:18:58'),
(366,16,'4255','entrada_comida','2026-06-24','2026-06-22','02:19:33','2026-06-24 03:19:33'),
(367,80,'5239','salida_comida','2026-06-24','2026-06-23','02:24:37','2026-06-24 03:24:37'),
(368,25,'5186','salida_comida','2026-06-24','2026-06-22','02:25:11','2026-06-24 03:25:11'),
(369,11,'4463','salida_comida','2026-06-24','2026-06-22','02:26:49','2026-06-24 03:26:49'),
(370,15,'4654','salida_comida','2026-06-24','2026-06-22','02:26:50','2026-06-24 03:26:50'),
(371,23,'4369','salida_comida','2026-06-24','2026-06-22','02:27:08','2026-06-24 03:27:08'),
(372,3,'4272','entrada_comida','2026-06-24','2026-06-22','02:31:51','2026-06-24 03:31:51'),
(373,3,'4272','entrada_comida','2026-06-24','2026-06-22','02:31:51','2026-06-24 03:31:51'),
(374,13,'4575','salida_comida','2026-06-24','2026-06-22','02:40:45','2026-06-24 03:40:45'),
(375,18,'4949','entrada_comida','2026-06-24','2026-06-22','02:41:03','2026-06-24 03:41:03'),
(376,18,'4949','entrada_comida','2026-06-24','2026-06-22','02:41:03','2026-06-24 03:41:03'),
(377,1,'3939','entrada_comida','2026-06-24','2026-06-22','02:51:05','2026-06-24 03:51:05'),
(378,19,'5002','salida_comida','2026-06-24','2026-06-22','02:58:17','2026-06-24 03:58:17'),
(379,40,'1948','salida_comida','2026-06-24','2026-06-22','02:59:20','2026-06-24 03:59:20'),
(380,25,'5186','salida_comida','2026-06-24','2026-06-22','03:10:55','2026-06-24 04:10:55'),
(381,25,'5186','salida_comida','2026-06-24','2026-06-22','03:10:56','2026-06-24 04:10:56'),
(382,25,'5186','salida_comida','2026-06-24','2026-06-22','03:10:56','2026-06-24 04:10:56'),
(383,3,'4272','entrada_comida','2026-06-24','2026-06-22','03:19:47','2026-06-24 04:19:47'),
(384,3,'4272','entrada_comida','2026-06-24','2026-06-22','03:19:47','2026-06-24 04:19:47'),
(385,40,'1948','salida_comida','2026-06-24','2026-06-22','03:31:08','2026-06-24 04:31:08'),
(386,13,'4575','salida_comida','2026-06-24','2026-06-22','03:32:53','2026-06-24 04:32:53'),
(387,13,'4575','salida_comida','2026-06-24','2026-06-22','03:33:09','2026-06-24 04:33:09'),
(388,13,'4575','salida_comida','2026-06-24','2026-06-22','03:33:20','2026-06-24 04:33:20'),
(389,18,'4949','entrada_comida','2026-06-24','2026-06-22','03:33:29','2026-06-24 04:33:29'),
(390,18,'4949','entrada_comida','2026-06-24','2026-06-22','03:33:29','2026-06-24 04:33:29'),
(391,18,'4949','entrada_comida','2026-06-24','2026-06-22','03:33:35','2026-06-24 04:33:35'),
(392,23,'4369','salida_comida','2026-06-24','2026-06-22','03:33:53','2026-06-24 04:33:53'),
(393,19,'5002','salida_comida','2026-06-24','2026-06-22','03:53:28','2026-06-24 04:53:28'),
(394,19,'5002','salida_comida','2026-06-24','2026-06-22','03:53:36','2026-06-24 04:53:36'),
(395,19,'5002','salida_comida','2026-06-24','2026-06-22','03:53:46','2026-06-24 04:53:46'),
(396,5,'1198','salida_comida','2026-06-24','2026-06-22','04:15:31','2026-06-24 05:15:31'),
(397,14,'4612','salida','2026-06-24','2026-06-23','04:16:22','2026-06-24 05:16:22'),
(398,14,'4612','entrada','2026-06-24','2026-06-24','04:16:24','2026-06-24 05:16:24'),
(399,14,'4612','salida_comida','2026-06-24','2026-06-24','04:16:27','2026-06-24 05:16:27'),
(400,14,'4612','entrada_comida','2026-06-24','2026-06-24','04:16:28','2026-06-24 05:16:28'),
(401,14,'4612','salida','2026-06-24','2026-06-24','04:16:30','2026-06-24 05:16:30'),
(402,17,'4945','entrada_comida','2026-06-24','2026-06-22','04:16:43','2026-06-24 05:16:43'),
(403,4,'1651','salida_comida','2026-06-24','2026-06-22','04:16:55','2026-06-24 05:16:55'),
(404,6,'3083','entrada','2026-06-24','2026-06-24','04:17:04','2026-06-24 05:17:04'),
(405,5,'1198','salida_comida','2026-06-24','2026-06-22','05:12:16','2026-06-24 06:12:16'),
(406,5,'1198','salida_comida','2026-06-24','2026-06-22','05:12:16','2026-06-24 06:12:16'),
(407,6,'3083','salida_comida','2026-06-24','2026-06-24','05:13:07','2026-06-24 06:13:07'),
(408,6,'3083','entrada_comida','2026-06-24','2026-06-24','05:13:07','2026-06-24 06:13:07'),
(409,14,'4612','entrada','2026-06-24','2026-06-24','05:13:16','2026-06-24 06:13:16'),
(410,4,'1651','salida_comida','2026-06-24','2026-06-22','05:13:57','2026-06-24 06:13:57'),
(411,17,'4945','entrada_comida','2026-06-24','2026-06-22','05:19:40','2026-06-24 06:19:40'),
(412,71,'1018','entrada','2026-06-24','2026-06-24','05:41:47','2026-06-24 06:41:47'),
(413,57,'3686','entrada','2026-06-24','2026-06-24','05:45:15','2026-06-24 06:45:15'),
(414,54,'3563','entrada_comida','2026-06-24','2026-06-23','05:45:25','2026-06-24 06:45:25'),
(415,56,'3167','salida','2026-06-24','2026-06-23','05:48:21','2026-06-24 06:48:21'),
(416,65,'4721','entrada','2026-06-24','2026-06-24','05:48:39','2026-06-24 06:48:40'),
(417,58,'1355','salida','2026-06-24','2026-06-23','05:52:28','2026-06-24 06:52:28'),
(418,60,'4371','entrada','2026-06-24','2026-06-24','05:52:52','2026-06-24 06:52:52'),
(419,61,'4453','salida','2026-06-24','2026-06-23','05:52:58','2026-06-24 06:52:58'),
(420,74,'5200','salida_comida','2026-06-24','2026-06-22','05:53:04','2026-06-24 06:53:04'),
(421,73,'5187','entrada','2026-06-24','2026-06-24','05:54:45','2026-06-24 06:54:45'),
(422,6,'3083','salida','2026-06-24','2026-06-24','05:55:15','2026-06-24 06:55:15'),
(423,5,'1198','salida_comida','2026-06-24','2026-06-22','05:55:32','2026-06-24 06:55:32'),
(424,63,'4604','entrada','2026-06-24','2026-06-24','05:55:57','2026-06-24 06:55:57'),
(425,2,'3488','entrada_comida','2026-06-24','2026-06-22','05:56:23','2026-06-24 06:56:23'),
(426,8,'4342','entrada_comida','2026-06-24','2026-06-22','05:56:30','2026-06-24 06:56:30'),
(427,9,'4370','entrada_comida','2026-06-24','2026-06-22','05:56:32','2026-06-24 06:56:32'),
(428,22,'4290','salida_comida','2026-06-24','2026-06-23','05:56:41','2026-06-24 06:56:41'),
(429,22,'4290','salida_comida','2026-06-24','2026-06-23','05:56:41','2026-06-24 06:56:41'),
(430,10,'4384','salida_comida','2026-06-24','2026-06-23','05:56:49','2026-06-24 06:56:49'),
(431,3,'4272','entrada_comida','2026-06-24','2026-06-22','05:56:53','2026-06-24 06:56:53'),
(432,17,'4945','entrada_comida','2026-06-24','2026-06-22','05:57:03','2026-06-24 06:57:03'),
(433,17,'4945','entrada_comida','2026-06-24','2026-06-22','05:57:03','2026-06-24 06:57:03'),
(434,11,'4463','salida_comida','2026-06-24','2026-06-22','05:57:11','2026-06-24 06:57:11'),
(435,15,'4654','salida_comida','2026-06-24','2026-06-22','05:57:16','2026-06-24 06:57:16'),
(436,23,'4369','salida_comida','2026-06-24','2026-06-22','05:57:27','2026-06-24 06:57:27'),
(437,13,'4575','salida_comida','2026-06-24','2026-06-22','05:57:32','2026-06-24 06:57:32'),
(438,16,'4255','entrada_comida','2026-06-24','2026-06-22','05:57:55','2026-06-24 06:57:55'),
(439,16,'4255','entrada_comida','2026-06-24','2026-06-22','05:58:08','2026-06-24 06:58:08'),
(440,18,'4949','entrada_comida','2026-06-24','2026-06-22','05:58:20','2026-06-24 06:58:20'),
(441,80,'5239','salida_comida','2026-06-24','2026-06-23','05:58:33','2026-06-24 06:58:33'),
(442,4,'1651','salida_comida','2026-06-24','2026-06-22','05:58:37','2026-06-24 06:58:37'),
(443,26,'5218','salida_comida','2026-06-24','2026-06-22','05:58:42','2026-06-24 06:58:42'),
(444,12,'4458','entrada_comida','2026-06-24','2026-06-22','05:58:47','2026-06-24 06:58:47'),
(445,27,'5219','salida_comida','2026-06-24','2026-06-22','05:58:54','2026-06-24 06:58:54'),
(446,40,'1948','salida_comida','2026-06-24','2026-06-22','05:59:01','2026-06-24 06:59:01'),
(447,19,'5002','salida_comida','2026-06-24','2026-06-22','05:59:06','2026-06-24 06:59:06'),
(448,19,'5002','salida_comida','2026-06-24','2026-06-22','05:59:12','2026-06-24 06:59:12'),
(449,69,'4926','entrada','2026-06-24','2026-06-24','05:59:27','2026-06-24 06:59:27'),
(450,62,'4550','entrada','2026-06-24','2026-06-24','05:59:57','2026-06-24 06:59:57'),
(451,55,'1389','salida','2026-06-24','2026-06-23','06:02:22','2026-06-24 07:02:22'),
(452,67,'4394','entrada','2026-06-24','2026-06-24','06:02:59','2026-06-24 07:02:59'),
(453,59,'4348','salida','2026-06-24','2026-06-23','06:03:01','2026-06-24 07:03:01'),
(454,53,'3221','entrada','2026-06-24','2026-06-24','06:03:52','2026-06-24 07:03:52'),
(455,72,'5173','entrada','2026-06-24','2026-06-24','06:04:28','2026-06-24 07:04:28'),
(456,66,'3815','salida_comida','2026-06-24','2026-06-23','06:05:24','2026-06-24 07:05:24'),
(457,70,'4297','entrada','2026-06-24','2026-06-24','06:05:29','2026-06-24 07:05:29'),
(458,68,'4887','salida','2026-06-24','2026-06-23','06:09:38','2026-06-24 07:09:38'),
(459,25,'5186','salida_comida','2026-06-24','2026-06-22','06:48:13','2026-06-24 07:48:13'),
(460,60,'4371','salida_comida','2026-06-24','2026-06-24','09:51:04','2026-06-24 10:51:04'),
(461,33,'4045','entrada','2026-06-24','2026-06-24','09:59:12','2026-06-24 10:59:12'),
(462,30,'3484','entrada','2026-06-24','2026-06-24','10:02:10','2026-06-24 11:02:10'),
(463,70,'4297','salida_comida','2026-06-24','2026-06-24','10:02:54','2026-06-24 11:02:54'),
(464,50,'4755','entrada_comida','2026-06-24','2026-06-22','10:03:13','2026-06-24 11:03:13'),
(465,59,'4348','entrada','2026-06-24','2026-06-24','10:03:22','2026-06-24 11:03:22'),
(466,67,'4394','salida_comida','2026-06-24','2026-06-24','10:03:26','2026-06-24 11:03:26'),
(467,38,'1656','salida_comida','2026-06-24','2026-06-23','10:03:37','2026-06-24 11:03:37'),
(468,74,'5200','salida_comida','2026-06-24','2026-06-22','10:06:35','2026-06-24 11:06:35'),
(469,61,'4453','entrada','2026-06-24','2026-06-24','10:06:38','2026-06-24 11:06:38'),
(470,73,'5187','salida_comida','2026-06-24','2026-06-24','10:07:47','2026-06-24 11:07:47'),
(471,60,'4371','entrada_comida','2026-06-24','2026-06-24','10:34:12','2026-06-24 11:34:12'),
(472,81,'5244','entrada','2026-06-24','2026-06-24','10:39:07','2026-06-24 11:39:07'),
(473,69,'4926','salida_comida','2026-06-24','2026-06-24','10:39:27','2026-06-24 11:39:27'),
(474,81,'5244','salida_comida','2026-06-24','2026-06-24','10:44:32','2026-06-24 11:44:32'),
(475,82,'5243','entrada','2026-06-24','2026-06-24','10:44:36','2026-06-24 11:44:36'),
(476,59,'4348','salida_comida','2026-06-24','2026-06-24','10:44:59','2026-06-24 11:44:59'),
(477,67,'4394','entrada_comida','2026-06-24','2026-06-24','10:45:01','2026-06-24 11:45:01'),
(478,82,'5243','salida_comida','2026-06-24','2026-06-24','10:45:42','2026-06-24 11:45:42'),
(479,70,'4297','entrada_comida','2026-06-24','2026-06-24','10:49:26','2026-06-24 11:49:26'),
(480,53,'3221','salida_comida','2026-06-24','2026-06-24','10:52:34','2026-06-24 11:52:34'),
(481,72,'5173','salida_comida','2026-06-24','2026-06-24','10:52:40','2026-06-24 11:52:40'),
(482,58,'1355','entrada','2026-06-24','2026-06-24','10:58:50','2026-06-24 11:58:50'),
(483,73,'5187','entrada_comida','2026-06-24','2026-06-24','10:59:24','2026-06-24 11:59:24'),
(484,74,'5200','salida_comida','2026-06-24','2026-06-22','11:01:00','2026-06-24 12:01:00'),
(485,61,'4453','salida_comida','2026-06-24','2026-06-24','11:01:03','2026-06-24 12:01:03'),
(486,62,'4550','salida_comida','2026-06-24','2026-06-24','11:09:15','2026-06-24 12:09:15'),
(487,69,'4926','entrada_comida','2026-06-24','2026-06-24','11:31:15','2026-06-24 12:31:15'),
(488,57,'3686','salida_comida','2026-06-24','2026-06-24','11:41:16','2026-06-24 12:41:16'),
(489,68,'4887','entrada','2026-06-24','2026-06-24','11:43:27','2026-06-24 12:43:27'),
(490,72,'5173','entrada_comida','2026-06-24','2026-06-24','11:45:38','2026-06-24 12:45:38'),
(491,53,'3221','entrada_comida','2026-06-24','2026-06-24','11:52:10','2026-06-24 12:52:10'),
(492,62,'4550','entrada_comida','2026-06-24','2026-06-24','11:58:30','2026-06-24 12:58:30'),
(493,56,'3167','entrada','2026-06-24','2026-06-24','12:01:53','2026-06-24 13:01:53'),
(494,55,'1389','entrada','2026-06-24','2026-06-24','12:01:57','2026-06-24 13:01:57'),
(495,57,'3686','entrada_comida','2026-06-24','2026-06-24','12:21:42','2026-06-24 13:21:42'),
(496,71,'1018','salida_comida','2026-06-24','2026-06-24','12:34:10','2026-06-24 13:34:10'),
(497,71,'1018','entrada_comida','2026-06-24','2026-06-24','12:44:22','2026-06-24 13:44:22'),
(498,68,'4887','salida_comida','2026-06-24','2026-06-24','12:54:57','2026-06-24 13:54:57'),
(499,55,'1389','salida_comida','2026-06-24','2026-06-24','12:58:44','2026-06-24 13:58:44'),
(500,56,'3167','salida_comida','2026-06-24','2026-06-24','12:58:47','2026-06-24 13:58:47'),
(501,55,'1389','entrada_comida','2026-06-24','2026-06-24','12:58:53','2026-06-24 13:58:53'),
(502,65,'4721','salida_comida','2026-06-24','2026-06-24','12:59:04','2026-06-24 13:59:04'),
(503,65,'4721','entrada_comida','2026-06-24','2026-06-24','13:33:54','2026-06-24 14:33:54'),
(504,32,'1086','entrada','2026-06-24','2026-06-24','13:51:33','2026-06-24 14:51:33'),
(505,45,'4520','entrada','2026-06-24','2026-06-24','13:51:58','2026-06-24 14:51:58'),
(506,44,'4505','salida','2026-06-24','2026-06-23','13:52:00','2026-06-24 14:52:00'),
(507,42,'3967','entrada','2026-06-24','2026-06-24','13:52:28','2026-06-24 14:52:28'),
(508,29,'2101','salida','2026-06-24','2026-06-23','13:53:26','2026-06-24 14:53:26'),
(509,47,'4961','entrada','2026-06-24','2026-06-24','13:53:47','2026-06-24 14:53:47'),
(510,52,'5189','entrada','2026-06-24','2026-06-24','13:55:43','2026-06-24 14:55:43'),
(511,51,'5199','entrada','2026-06-24','2026-06-24','13:55:48','2026-06-24 14:55:48'),
(512,31,'1929','entrada_comida','2026-06-24','2026-06-23','13:55:56','2026-06-24 14:55:56'),
(513,46,'4328','salida','2026-06-24','2026-06-23','13:56:25','2026-06-24 14:56:25'),
(514,43,'4289','salida','2026-06-24','2026-06-23','13:56:29','2026-06-24 14:56:29'),
(515,41,'4299','salida','2026-06-24','2026-06-23','13:56:32','2026-06-24 14:56:32'),
(516,54,'3563','entrada_comida','2026-06-24','2026-06-23','13:57:10','2026-06-24 14:57:10'),
(517,66,'3815','salida_comida','2026-06-24','2026-06-23','13:57:25','2026-06-24 14:57:25'),
(518,39,'2845','salida_comida','2026-06-24','2026-06-23','13:57:44','2026-06-24 14:57:44'),
(519,71,'1018','salida','2026-06-24','2026-06-24','13:57:49','2026-06-24 14:57:49'),
(520,67,'4394','salida','2026-06-24','2026-06-24','13:58:18','2026-06-24 14:58:18'),
(521,59,'4348','entrada_comida','2026-06-24','2026-06-24','13:58:22','2026-06-24 14:58:22'),
(522,77,'5016','entrada','2026-06-24','2026-06-24','13:59:12','2026-06-24 14:59:12'),
(523,76,'4855','salida','2026-06-24','2026-06-23','13:59:23','2026-06-24 14:59:23'),
(524,64,'4700','entrada_comida','2026-06-24','2026-06-23','13:59:30','2026-06-24 14:59:30'),
(525,65,'4721','salida','2026-06-24','2026-06-24','13:59:43','2026-06-24 14:59:43'),
(526,60,'4371','salida','2026-06-24','2026-06-24','14:00:13','2026-06-24 15:00:13'),
(527,74,'5200','salida_comida','2026-06-24','2026-06-22','14:00:17','2026-06-24 15:00:17'),
(528,73,'5187','salida','2026-06-24','2026-06-24','14:00:23','2026-06-24 15:00:23'),
(529,72,'5173','salida','2026-06-24','2026-06-24','14:00:29','2026-06-24 15:00:29'),
(530,62,'4550','salida','2026-06-24','2026-06-24','14:00:35','2026-06-24 15:00:35'),
(531,70,'4297','salida','2026-06-24','2026-06-24','14:00:52','2026-06-24 15:00:52'),
(532,57,'3686','salida','2026-06-24','2026-06-24','14:00:55','2026-06-24 15:00:55'),
(533,69,'4926','salida','2026-06-24','2026-06-24','14:01:40','2026-06-24 15:01:40'),
(534,82,'5243','entrada_comida','2026-06-24','2026-06-24','14:02:05','2026-06-24 15:02:05'),
(535,37,'4300','entrada','2026-06-24','2026-06-24','14:02:32','2026-06-24 15:02:32'),
(536,49,'4767','entrada','2026-06-24','2026-06-24','14:02:34','2026-06-24 15:02:34'),
(537,30,'3484','salida_comida','2026-06-24','2026-06-24','16:49:14','2026-06-24 17:49:14'),
(538,42,'3967','salida_comida','2026-06-24','2026-06-24','16:52:37','2026-06-24 17:52:37'),
(539,42,'3967','entrada_comida','2026-06-24','2026-06-24','17:34:43','2026-06-24 18:34:43'),
(540,30,'3484','entrada_comida','2026-06-24','2026-06-24','17:35:17','2026-06-24 18:35:17'),
(541,43,'4289','entrada','2026-06-24','2026-06-24','17:55:52','2026-06-24 18:55:52'),
(542,58,'1355','salida_comida','2026-06-24','2026-06-24','17:56:09','2026-06-24 18:56:09'),
(543,56,'3167','entrada_comida','2026-06-24','2026-06-24','17:57:27','2026-06-24 18:57:27'),
(544,76,'4855','entrada','2026-06-24','2026-06-24','17:57:33','2026-06-24 18:57:33'),
(545,61,'4453','entrada_comida','2026-06-24','2026-06-24','17:58:12','2026-06-24 18:58:12'),
(546,46,'4328','entrada','2026-06-24','2026-06-24','17:58:23','2026-06-24 18:58:23'),
(547,51,'5199','salida_comida','2026-06-24','2026-06-24','17:59:38','2026-06-24 18:59:38'),
(548,52,'5189','salida_comida','2026-06-24','2026-06-24','17:59:42','2026-06-24 18:59:42'),
(549,68,'4887','entrada_comida','2026-06-24','2026-06-24','17:59:57','2026-06-24 18:59:57'),
(550,53,'3221','salida','2026-06-24','2026-06-24','18:00:01','2026-06-24 19:00:01'),
(551,35,'1358','salida','2026-06-24','2026-06-23','18:00:35','2026-06-24 19:00:35'),
(552,45,'4520','salida_comida','2026-06-24','2026-06-24','18:00:42','2026-06-24 19:00:42'),
(553,44,'4505','entrada','2026-06-24','2026-06-24','18:00:47','2026-06-24 19:00:47'),
(554,49,'4767','salida_comida','2026-06-24','2026-06-24','18:01:36','2026-06-24 19:01:36'),
(555,37,'4300','salida_comida','2026-06-24','2026-06-24','18:01:42','2026-06-24 19:01:42'),
(556,41,'4299','entrada','2026-06-24','2026-06-24','18:02:16','2026-06-24 19:02:16'),
(557,55,'1389','salida','2026-06-24','2026-06-24','18:02:27','2026-06-24 19:02:27'),
(558,40,'1948','salida_comida','2026-06-24','2026-06-22','18:03:40','2026-06-24 19:03:40'),
(559,46,'4328','salida_comida','2026-06-24','2026-06-24','18:40:31','2026-06-24 19:40:31'),
(560,43,'4289','salida_comida','2026-06-24','2026-06-24','18:40:36','2026-06-24 19:40:36'),
(561,41,'4299','salida_comida','2026-06-24','2026-06-24','18:40:39','2026-06-24 19:40:39'),
(562,44,'4505','salida_comida','2026-06-24','2026-06-24','18:41:38','2026-06-24 19:41:38'),
(563,45,'4520','entrada_comida','2026-06-24','2026-06-24','18:41:43','2026-06-24 19:41:43'),
(564,51,'5199','entrada_comida','2026-06-24','2026-06-24','18:48:49','2026-06-24 19:48:49'),
(565,52,'5189','entrada_comida','2026-06-24','2026-06-24','18:48:54','2026-06-24 19:48:54'),
(566,33,'4045','salida_comida','2026-06-24','2026-06-24','18:50:08','2026-06-24 19:50:08'),
(567,49,'4767','entrada_comida','2026-06-24','2026-06-24','18:58:31','2026-06-24 19:58:31'),
(568,37,'4300','entrada_comida','2026-06-24','2026-06-24','18:58:34','2026-06-24 19:58:34'),
(569,29,'2101','entrada','2026-06-24','2026-06-24','19:51:12','2026-06-24 20:51:12'),
(570,33,'4045','entrada_comida','2026-06-24','2026-06-24','19:52:19','2026-06-24 20:52:19'),
(571,47,'4961','salida_comida','2026-06-24','2026-06-24','19:54:00','2026-06-24 20:54:00'),
(572,50,'4755','entrada_comida','2026-06-24','2026-06-22','19:54:16','2026-06-24 20:54:16'),
(573,28,'2685','entrada_comida','2026-06-24','2026-06-23','19:57:34','2026-06-24 20:57:34'),
(574,32,'1086','salida_comida','2026-06-24','2026-06-24','20:28:49','2026-06-24 21:28:49'),
(575,31,'1929','entrada_comida','2026-06-24','2026-06-23','20:31:25','2026-06-24 21:31:25'),
(576,50,'4755','entrada_comida','2026-06-24','2026-06-22','20:33:44','2026-06-24 21:33:44'),
(577,28,'2685','entrada_comida','2026-06-24','2026-06-23','20:36:29','2026-06-24 21:36:29'),
(578,29,'2101','salida_comida','2026-06-24','2026-06-24','20:36:53','2026-06-24 21:36:53'),
(579,31,'1929','entrada_comida','2026-06-24','2026-06-23','20:58:51','2026-06-24 21:58:51'),
(580,16,'4255','entrada_comida','2026-06-24','2026-06-22','21:09:08','2026-06-24 22:09:08'),
(581,19,'5002','salida_comida','2026-06-24','2026-06-22','21:11:00','2026-06-24 22:11:00'),
(582,32,'1086','entrada_comida','2026-06-24','2026-06-24','21:11:38','2026-06-24 22:11:38'),
(583,23,'4369','salida_comida','2026-06-24','2026-06-22','21:11:48','2026-06-24 22:11:48'),
(584,19,'5002','salida_comida','2026-06-24','2026-06-22','21:11:54','2026-06-24 22:11:54'),
(585,5,'1198','salida_comida','2026-06-24','2026-06-22','21:15:24','2026-06-24 22:15:24'),
(586,9,'4370','entrada_comida','2026-06-24','2026-06-22','21:18:33','2026-06-24 22:18:33'),
(587,8,'4342','entrada_comida','2026-06-24','2026-06-22','21:18:38','2026-06-24 22:18:38'),
(588,80,'5239','salida_comida','2026-06-24','2026-06-23','21:19:00','2026-06-24 22:19:00'),
(589,12,'4458','entrada_comida','2026-06-24','2026-06-22','21:20:18','2026-06-24 22:20:18'),
(590,18,'4949','entrada_comida','2026-06-24','2026-06-22','21:20:56','2026-06-24 22:20:56'),
(591,2,'3488','entrada_comida','2026-06-24','2026-06-22','21:23:08','2026-06-24 22:23:08'),
(592,3,'4272','entrada_comida','2026-06-24','2026-06-22','21:23:22','2026-06-24 22:23:22'),
(593,26,'5218','salida_comida','2026-06-24','2026-06-22','21:24:47','2026-06-24 22:24:47'),
(594,6,'3083','entrada','2026-06-24','2026-06-24','21:25:04','2026-06-24 22:25:04'),
(595,51,'5199','salida','2026-06-24','2026-06-24','21:25:48','2026-06-24 22:25:48'),
(596,52,'5189','salida','2026-06-24','2026-06-24','21:25:51','2026-06-24 22:25:51'),
(597,11,'4463','salida_comida','2026-06-24','2026-06-22','21:26:06','2026-06-24 22:26:06'),
(598,15,'4654','salida_comida','2026-06-24','2026-06-22','21:26:10','2026-06-24 22:26:10'),
(599,35,'1358','entrada','2026-06-24','2026-06-24','21:26:15','2026-06-24 22:26:15'),
(600,33,'4045','salida','2026-06-24','2026-06-24','21:26:18','2026-06-24 22:26:18'),
(601,38,'1656','salida_comida','2026-06-24','2026-06-23','21:26:21','2026-06-24 22:26:21'),
(602,31,'1929','entrada_comida','2026-06-24','2026-06-23','21:27:03','2026-06-24 22:27:03'),
(603,45,'4520','salida','2026-06-24','2026-06-24','21:27:23','2026-06-24 22:27:23'),
(604,44,'4505','entrada_comida','2026-06-24','2026-06-24','21:27:28','2026-06-24 22:27:28'),
(605,1,'3939','entrada_comida','2026-06-24','2026-06-22','21:27:51','2026-06-24 22:27:51'),
(606,43,'4289','entrada_comida','2026-06-24','2026-06-24','21:27:54','2026-06-24 22:27:54'),
(607,41,'4299','entrada_comida','2026-06-24','2026-06-24','21:27:57','2026-06-24 22:27:57'),
(608,49,'4767','salida','2026-06-24','2026-06-24','21:28:01','2026-06-24 22:28:01'),
(609,76,'4855','salida_comida','2026-06-24','2026-06-24','21:28:07','2026-06-24 22:28:07'),
(610,46,'4328','entrada_comida','2026-06-24','2026-06-24','21:28:14','2026-06-24 22:28:14'),
(611,34,'1584','salida_comida','2026-06-24','2026-06-22','21:28:17','2026-06-24 22:28:17'),
(612,28,'2685','entrada_comida','2026-06-24','2026-06-23','21:28:22','2026-06-24 22:28:22'),
(613,37,'4300','salida','2026-06-24','2026-06-24','21:28:26','2026-06-24 22:28:26'),
(614,47,'4961','entrada_comida','2026-06-24','2026-06-24','21:28:33','2026-06-24 22:28:33'),
(615,32,'1086','salida','2026-06-24','2026-06-24','21:29:09','2026-06-24 22:29:09'),
(616,42,'3967','salida','2026-06-24','2026-06-24','21:29:24','2026-06-24 22:29:24'),
(617,29,'2101','entrada_comida','2026-06-24','2026-06-24','21:30:33','2026-06-24 22:30:33'),
(618,14,'4612','entrada','2026-06-24','2026-06-24','21:31:34','2026-06-24 22:31:34'),
(619,30,'3484','salida','2026-06-24','2026-06-24','21:31:53','2026-06-24 22:31:53'),
(620,50,'4755','entrada_comida','2026-06-24','2026-06-22','21:32:47','2026-06-24 22:32:47'),
(621,27,'5219','salida_comida','2026-06-24','2026-06-22','21:33:07','2026-06-24 22:33:07'),
(622,4,'1651','salida_comida','2026-06-24','2026-06-22','21:38:32','2026-06-24 22:38:32'),
(623,8,'4342','entrada_comida','2026-06-25','2026-06-22','01:17:29','2026-06-25 02:17:29'),
(624,9,'4370','entrada_comida','2026-06-25','2026-06-22','01:17:32','2026-06-25 02:17:32'),
(625,11,'4463','entrada_comida','2026-06-25','2026-06-22','01:28:53','2026-06-25 02:28:53'),
(626,15,'4654','entrada_comida','2026-06-25','2026-06-22','01:28:56','2026-06-25 02:28:56'),
(627,9,'4370','entrada_comida','2026-06-25','2026-06-22','01:55:19','2026-06-25 02:55:19'),
(628,8,'4342','entrada_comida','2026-06-25','2026-06-22','01:55:24','2026-06-25 02:55:24'),
(629,11,'4463','entrada_comida','2026-06-25','2026-06-22','02:10:56','2026-06-25 03:10:56'),
(630,15,'4654','entrada_comida','2026-06-25','2026-06-22','02:10:59','2026-06-25 03:10:59'),
(631,3,'4272','entrada_comida','2026-06-25','2026-06-22','02:12:52','2026-06-25 03:12:52'),
(632,27,'5219','salida_comida','2026-06-25','2026-06-22','02:13:01','2026-06-25 03:13:01'),
(633,80,'5239','entrada_comida','2026-06-25','2026-06-23','02:17:12','2026-06-25 03:17:12'),
(634,26,'5218','salida_comida','2026-06-25','2026-06-22','02:17:19','2026-06-25 03:17:19'),
(635,26,'5218','salida_comida','2026-06-25','2026-06-22','02:48:40','2026-06-25 03:48:40'),
(636,26,'5218','salida_comida','2026-06-25','2026-06-22','02:48:40','2026-06-25 03:48:40'),
(637,4,'1651','entrada_comida','2026-06-25','2026-06-22','02:53:34','2026-06-25 03:53:34'),
(638,19,'5002','salida_comida','2026-06-25','2026-06-22','02:59:20','2026-06-25 03:59:20'),
(639,27,'5219','salida_comida','2026-06-25','2026-06-22','03:04:10','2026-06-25 04:04:10'),
(640,3,'4272','entrada_comida','2026-06-25','2026-06-22','03:04:16','2026-06-25 04:04:16'),
(641,80,'5239','entrada_comida','2026-06-25','2026-06-23','03:04:22','2026-06-25 04:04:22'),
(642,23,'4369','salida_comida','2026-06-25','2026-06-22','03:09:05','2026-06-25 04:09:05'),
(643,40,'1948','entrada_comida','2026-06-25','2026-06-22','03:09:30','2026-06-25 04:09:30'),
(644,12,'4458','entrada_comida','2026-06-25','2026-06-22','03:21:36','2026-06-25 04:21:36'),
(645,19,'5002','salida_comida','2026-06-25','2026-06-22','03:35:29','2026-06-25 04:35:29'),
(646,19,'5002','salida_comida','2026-06-25','2026-06-22','03:35:50','2026-06-25 04:35:50'),
(647,19,'5002','salida_comida','2026-06-25','2026-06-22','03:35:55','2026-06-25 04:35:55'),
(648,40,'1948','entrada_comida','2026-06-25','2026-06-22','03:42:13','2026-06-25 04:42:13'),
(649,4,'1651','entrada_comida','2026-06-25','2026-06-22','03:51:08','2026-06-25 04:51:08'),
(650,14,'4612','entrada','2026-06-25','2026-06-25','03:52:53','2026-06-25 04:52:53'),
(651,14,'4612','salida_comida','2026-06-25','2026-06-25','03:52:56','2026-06-25 04:52:56'),
(652,14,'4612','entrada_comida','2026-06-25','2026-06-25','03:53:00','2026-06-25 04:53:00'),
(653,14,'4612','salida','2026-06-25','2026-06-25','03:53:02','2026-06-25 04:53:02'),
(654,14,'4612','entrada','2026-06-25','2026-06-25','03:53:04','2026-06-25 04:53:04'),
(655,6,'3083','entrada','2026-06-25','2026-06-25','03:53:20','2026-06-25 04:53:20'),
(656,6,'3083','salida_comida','2026-06-25','2026-06-25','03:53:21','2026-06-25 04:53:21'),
(657,6,'3083','entrada_comida','2026-06-25','2026-06-25','03:53:30','2026-06-25 04:53:30'),
(658,12,'4458','entrada_comida','2026-06-25','2026-06-22','04:10:47','2026-06-25 05:10:47'),
(659,23,'4369','salida_comida','2026-06-25','2026-06-22','04:13:21','2026-06-25 05:13:21'),
(660,5,'1198','salida_comida','2026-06-25','2026-06-22','05:00:10','2026-06-25 06:00:10'),
(661,5,'1198','salida_comida','2026-06-25','2026-06-22','05:00:10','2026-06-25 06:00:10'),
(662,57,'3686','entrada','2026-06-25','2026-06-25','05:43:30','2026-06-25 06:43:30'),
(663,54,'3563','entrada_comida','2026-06-25','2026-06-23','05:45:19','2026-06-25 06:45:19'),
(664,71,'1018','entrada','2026-06-25','2026-06-25','05:45:56','2026-06-25 06:45:56'),
(665,56,'3167','salida','2026-06-25','2026-06-24','05:48:18','2026-06-25 06:48:18'),
(666,56,'3167','entrada','2026-06-25','2026-06-25','05:48:25','2026-06-25 06:48:25'),
(667,5,'1198','salida_comida','2026-06-25','2026-06-22','05:49:40','2026-06-25 06:49:40'),
(668,5,'1198','salida_comida','2026-06-25','2026-06-22','05:49:44','2026-06-25 06:49:44'),
(669,5,'1198','salida_comida','2026-06-25','2026-06-22','05:50:25','2026-06-25 06:50:25'),
(670,65,'4721','entrada','2026-06-25','2026-06-25','05:50:32','2026-06-25 06:50:32'),
(671,58,'1355','entrada_comida','2026-06-25','2026-06-24','05:53:53','2026-06-25 06:53:53'),
(672,2,'3488','entrada_comida','2026-06-25','2026-06-22','05:54:20','2026-06-25 06:54:20'),
(673,8,'4342','entrada_comida','2026-06-25','2026-06-22','05:54:28','2026-06-25 06:54:28'),
(674,9,'4370','entrada_comida','2026-06-25','2026-06-22','05:54:32','2026-06-25 06:54:32'),
(675,5,'1198','salida_comida','2026-06-25','2026-06-22','05:54:38','2026-06-25 06:54:38'),
(676,11,'4463','entrada_comida','2026-06-25','2026-06-22','05:54:42','2026-06-25 06:54:42'),
(677,15,'4654','entrada_comida','2026-06-25','2026-06-22','05:54:44','2026-06-25 06:54:44'),
(678,16,'4255','entrada_comida','2026-06-25','2026-06-22','05:54:51','2026-06-25 06:54:51'),
(679,18,'4949','entrada_comida','2026-06-25','2026-06-22','05:54:53','2026-06-25 06:54:53'),
(680,63,'4604','salida_comida','2026-06-25','2026-06-24','05:56:35','2026-06-25 06:56:35'),
(681,3,'4272','entrada_comida','2026-06-25','2026-06-22','05:56:40','2026-06-25 06:56:40'),
(682,6,'3083','salida','2026-06-25','2026-06-25','05:56:56','2026-06-25 06:56:56'),
(683,19,'5002','salida_comida','2026-06-25','2026-06-22','05:56:58','2026-06-25 06:56:58'),
(684,72,'5173','entrada','2026-06-25','2026-06-25','05:57:05','2026-06-25 06:57:05'),
(685,73,'5187','entrada','2026-06-25','2026-06-25','05:57:07','2026-06-25 06:57:07'),
(686,12,'4458','entrada_comida','2026-06-25','2026-06-22','05:57:23','2026-06-25 06:57:23'),
(687,40,'1948','entrada_comida','2026-06-25','2026-06-22','05:57:29','2026-06-25 06:57:29'),
(688,27,'5219','salida_comida','2026-06-25','2026-06-22','05:57:35','2026-06-25 06:57:35'),
(689,80,'5239','entrada_comida','2026-06-25','2026-06-23','05:57:41','2026-06-25 06:57:41'),
(690,4,'1651','entrada_comida','2026-06-25','2026-06-22','05:57:44','2026-06-25 06:57:44'),
(691,26,'5218','salida_comida','2026-06-25','2026-06-22','05:58:48','2026-06-25 06:58:48'),
(692,64,'4700','salida','2026-06-25','2026-06-23','05:59:29','2026-06-25 06:59:29'),
(693,59,'4348','salida','2026-06-25','2026-06-24','05:59:31','2026-06-25 06:59:31'),
(694,67,'4394','entrada','2026-06-25','2026-06-25','05:59:33','2026-06-25 06:59:33'),
(695,60,'4371','entrada','2026-06-25','2026-06-25','05:59:36','2026-06-25 06:59:36'),
(696,69,'4926','entrada','2026-06-25','2026-06-25','06:00:17','2026-06-25 07:00:17'),
(697,53,'3221','entrada','2026-06-25','2026-06-25','06:01:06','2026-06-25 07:01:06'),
(698,23,'4369','salida_comida','2026-06-25','2026-06-22','06:01:24','2026-06-25 07:01:24'),
(699,66,'3815','salida_comida','2026-06-25','2026-06-23','06:03:23','2026-06-25 07:03:23'),
(700,55,'1389','entrada','2026-06-25','2026-06-25','06:05:12','2026-06-25 07:05:12'),
(701,61,'4453','salida','2026-06-25','2026-06-24','06:07:54','2026-06-25 07:07:54'),
(702,68,'4887','salida','2026-06-25','2026-06-24','06:09:42','2026-06-25 07:09:42'),
(703,60,'4371','salida_comida','2026-06-25','2026-06-25','09:58:02','2026-06-25 10:58:02'),
(704,31,'1929','entrada_comida','2026-06-25','2026-06-23','10:02:53','2026-06-25 11:02:53'),
(705,35,'1358','salida_comida','2026-06-25','2026-06-24','10:03:07','2026-06-25 11:03:07'),
(706,33,'4045','entrada','2026-06-25','2026-06-25','10:03:21','2026-06-25 11:03:21'),
(707,38,'1656','entrada_comida','2026-06-25','2026-06-23','10:03:40','2026-06-25 11:03:40'),
(708,73,'5187','salida_comida','2026-06-25','2026-06-25','10:16:05','2026-06-25 11:16:05'),
(709,83,'5245','entrada','2026-06-25','2026-06-25','10:17:39','2026-06-25 11:17:39'),
(710,72,'5173','salida_comida','2026-06-25','2026-06-25','10:17:44','2026-06-25 11:17:44'),
(711,67,'4394','salida_comida','2026-06-25','2026-06-25','10:19:47','2026-06-25 11:19:47'),
(712,59,'4348','entrada','2026-06-25','2026-06-25','10:19:52','2026-06-25 11:19:52'),
(713,60,'4371','entrada_comida','2026-06-25','2026-06-25','10:47:38','2026-06-25 11:47:38'),
(714,61,'4453','entrada','2026-06-25','2026-06-25','10:52:52','2026-06-25 11:52:52'),
(715,58,'1355','entrada_comida','2026-06-25','2026-06-24','10:53:45','2026-06-25 11:53:45'),
(716,83,'5245','salida_comida','2026-06-25','2026-06-25','11:05:13','2026-06-25 12:05:13'),
(717,81,'5244','entrada_comida','2026-06-25','2026-06-24','11:10:10','2026-06-25 12:10:10'),
(718,73,'5187','entrada_comida','2026-06-25','2026-06-25','11:10:57','2026-06-25 12:10:57'),
(719,59,'4348','salida_comida','2026-06-25','2026-06-25','11:18:05','2026-06-25 12:18:05'),
(720,67,'4394','entrada_comida','2026-06-25','2026-06-25','11:18:10','2026-06-25 12:18:10'),
(721,72,'5173','entrada_comida','2026-06-25','2026-06-25','11:18:18','2026-06-25 12:18:18'),
(722,62,'4550','entrada','2026-06-25','2026-06-25','11:18:28','2026-06-25 12:18:28'),
(723,53,'3221','salida_comida','2026-06-25','2026-06-25','11:18:36','2026-06-25 12:18:36'),
(724,69,'4926','salida_comida','2026-06-25','2026-06-25','11:22:57','2026-06-25 12:22:57'),
(725,69,'4926','entrada_comida','2026-06-25','2026-06-25','11:22:58','2026-06-25 12:22:58'),
(726,63,'4604','entrada_comida','2026-06-25','2026-06-24','11:52:26','2026-06-25 12:52:26'),
(727,63,'4604','salida','2026-06-25','2026-06-24','11:52:31','2026-06-25 12:52:31'),
(728,63,'4604','entrada','2026-06-25','2026-06-25','11:52:36','2026-06-25 12:52:36'),
(729,63,'4604','salida_comida','2026-06-25','2026-06-25','11:52:40','2026-06-25 12:52:40'),
(730,63,'4604','entrada_comida','2026-06-25','2026-06-25','11:52:40','2026-06-25 12:52:40'),
(731,68,'4887','entrada','2026-06-25','2026-06-25','12:05:37','2026-06-25 13:05:37'),
(732,58,'1355','entrada_comida','2026-06-25','2026-06-24','12:07:10','2026-06-25 13:07:10'),
(733,57,'3686','salida_comida','2026-06-25','2026-06-25','12:15:01','2026-06-25 13:15:01'),
(734,53,'3221','entrada_comida','2026-06-25','2026-06-25','12:20:29','2026-06-25 13:20:29'),
(735,62,'4550','salida_comida','2026-06-25','2026-06-25','12:24:07','2026-06-25 13:24:07'),
(736,57,'3686','entrada_comida','2026-06-25','2026-06-25','12:53:44','2026-06-25 13:53:44'),
(737,65,'4721','salida_comida','2026-06-25','2026-06-25','12:57:47','2026-06-25 13:57:47'),
(738,55,'1389','salida_comida','2026-06-25','2026-06-25','13:13:37','2026-06-25 14:13:37'),
(739,56,'3167','salida_comida','2026-06-25','2026-06-25','13:13:58','2026-06-25 14:13:58'),
(740,68,'4887','salida_comida','2026-06-25','2026-06-25','13:17:42','2026-06-25 14:17:42'),
(741,65,'4721','entrada_comida','2026-06-25','2026-06-25','13:31:58','2026-06-25 14:31:58'),
(742,46,'4328','salida','2026-06-25','2026-06-24','13:48:33','2026-06-25 14:48:33'),
(743,43,'4289','salida','2026-06-25','2026-06-24','13:48:39','2026-06-25 14:48:39'),
(744,41,'4299','salida','2026-06-25','2026-06-24','13:48:46','2026-06-25 14:48:46'),
(745,42,'3967','entrada','2026-06-25','2026-06-25','13:49:39','2026-06-25 14:49:39'),
(746,39,'2845','entrada_comida','2026-06-25','2026-06-23','13:51:32','2026-06-25 14:51:32'),
(747,48,'4972','salida_comida','2026-06-25','2026-06-22','13:52:09','2026-06-25 14:52:09'),
(748,44,'4505','salida','2026-06-25','2026-06-24','13:53:30','2026-06-25 14:53:30'),
(749,45,'4520','entrada','2026-06-25','2026-06-25','13:53:32','2026-06-25 14:53:32'),
(750,50,'4755','entrada_comida','2026-06-25','2026-06-22','13:55:54','2026-06-25 14:55:54'),
(751,32,'1086','entrada','2026-06-25','2026-06-25','13:55:56','2026-06-25 14:55:56'),
(752,34,'1584','entrada_comida','2026-06-25','2026-06-22','13:56:01','2026-06-25 14:56:01'),
(753,28,'2685','entrada_comida','2026-06-25','2026-06-23','13:57:56','2026-06-25 14:57:56'),
(754,54,'3563','entrada_comida','2026-06-25','2026-06-23','13:58:38','2026-06-25 14:58:38'),
(755,71,'1018','salida_comida','2026-06-25','2026-06-25','13:58:41','2026-06-25 14:58:41'),
(756,66,'3815','salida_comida','2026-06-25','2026-06-23','13:58:43','2026-06-25 14:58:43'),
(757,67,'4394','salida','2026-06-25','2026-06-25','13:58:47','2026-06-25 14:58:47'),
(758,59,'4348','entrada_comida','2026-06-25','2026-06-25','13:58:51','2026-06-25 14:58:51'),
(759,64,'4700','entrada','2026-06-25','2026-06-25','13:59:51','2026-06-25 14:59:51'),
(760,73,'5187','salida','2026-06-25','2026-06-25','14:00:10','2026-06-25 15:00:10'),
(761,53,'3221','salida','2026-06-25','2026-06-25','14:00:13','2026-06-25 15:00:13'),
(762,57,'3686','salida','2026-06-25','2026-06-25','14:00:15','2026-06-25 15:00:15'),
(763,72,'5173','salida','2026-06-25','2026-06-25','14:00:18','2026-06-25 15:00:18'),
(764,60,'4371','salida','2026-06-25','2026-06-25','14:00:25','2026-06-25 15:00:25'),
(765,78,'5235','entrada','2026-06-25','2026-06-25','14:00:30','2026-06-25 15:00:30'),
(766,37,'4300','entrada','2026-06-25','2026-06-25','14:00:32','2026-06-25 15:00:32'),
(767,62,'4550','entrada_comida','2026-06-25','2026-06-25','14:00:35','2026-06-25 15:00:35'),
(768,63,'4604','salida','2026-06-25','2026-06-25','14:00:39','2026-06-25 15:00:39'),
(769,49,'4767','entrada','2026-06-25','2026-06-25','14:00:46','2026-06-25 15:00:46'),
(770,83,'5245','entrada_comida','2026-06-25','2026-06-25','14:00:51','2026-06-25 15:00:51'),
(771,65,'4721','salida','2026-06-25','2026-06-25','14:01:06','2026-06-25 15:01:07'),
(772,56,'3167','entrada_comida','2026-06-25','2026-06-25','14:01:30','2026-06-25 15:01:30'),
(773,69,'4926','salida','2026-06-25','2026-06-25','14:02:13','2026-06-25 15:02:13'),
(774,82,'5243','salida','2026-06-25','2026-06-24','14:02:31','2026-06-25 15:02:31'),
(775,52,'5189','entrada','2026-06-25','2026-06-25','14:03:51','2026-06-25 15:03:51'),
(776,51,'5199','entrada','2026-06-25','2026-06-25','14:03:54','2026-06-25 15:03:54'),
(777,29,'2101','salida','2026-06-25','2026-06-24','14:05:31','2026-06-25 15:05:31'),
(778,58,'1355','entrada_comida','2026-06-25','2026-06-24','17:49:54','2026-06-25 18:49:54'),
(779,19,'5002','salida_comida','2026-06-25','2026-06-22','17:52:43','2026-06-25 18:52:43'),
(780,61,'4453','salida_comida','2026-06-25','2026-06-25','17:58:25','2026-06-25 18:58:25'),
(781,56,'3167','salida','2026-06-25','2026-06-25','18:00:44','2026-06-25 19:00:44'),
(782,55,'1389','entrada_comida','2026-06-25','2026-06-25','18:01:10','2026-06-25 19:01:10'),
(783,68,'4887','entrada_comida','2026-06-25','2026-06-25','18:04:43','2026-06-25 19:04:43'),
(784,41,'4299','entrada','2026-06-25','2026-06-25','18:11:41','2026-06-25 19:11:41'),
(785,46,'4328','entrada','2026-06-25','2026-06-25','18:13:55','2026-06-25 19:13:55'),
(786,37,'4300','salida_comida','2026-06-25','2026-06-25','18:14:29','2026-06-25 19:14:29'),
(787,49,'4767','salida_comida','2026-06-25','2026-06-25','18:14:32','2026-06-25 19:14:32'),
(788,43,'4289','entrada','2026-06-25','2026-06-25','18:15:15','2026-06-25 19:15:15'),
(789,45,'4520','salida_comida','2026-06-25','2026-06-25','18:18:10','2026-06-25 19:18:10'),
(790,52,'5189','salida_comida','2026-06-25','2026-06-25','18:18:52','2026-06-25 19:18:52'),
(791,51,'5199','salida_comida','2026-06-25','2026-06-25','18:18:54','2026-06-25 19:18:54'),
(792,44,'4505','entrada','2026-06-25','2026-06-25','18:21:55','2026-06-25 19:21:55'),
(793,44,'4505','salida_comida','2026-06-25','2026-06-25','18:58:16','2026-06-25 19:58:16'),
(794,45,'4520','entrada_comida','2026-06-25','2026-06-25','18:58:24','2026-06-25 19:58:24'),
(795,41,'4299','salida_comida','2026-06-25','2026-06-25','18:58:50','2026-06-25 19:58:50'),
(796,46,'4328','salida_comida','2026-06-25','2026-06-25','18:59:26','2026-06-25 19:59:26'),
(797,43,'4289','salida_comida','2026-06-25','2026-06-25','18:59:30','2026-06-25 19:59:30'),
(798,35,'1358','salida_comida','2026-06-25','2026-06-24','19:06:53','2026-06-25 20:06:53'),
(799,52,'5189','entrada_comida','2026-06-25','2026-06-25','19:06:58','2026-06-25 20:06:58'),
(800,51,'5199','entrada_comida','2026-06-25','2026-06-25','19:08:11','2026-06-25 20:08:11'),
(801,37,'4300','entrada_comida','2026-06-25','2026-06-25','19:12:23','2026-06-25 20:12:23'),
(802,49,'4767','entrada_comida','2026-06-25','2026-06-25','19:14:29','2026-06-25 20:14:29'),
(803,39,'2845','entrada_comida','2026-06-25','2026-06-23','19:35:27','2026-06-25 20:35:27'),
(804,31,'1929','entrada_comida','2026-06-25','2026-06-23','19:35:38','2026-06-25 20:35:38'),
(805,38,'1656','entrada_comida','2026-06-25','2026-06-23','19:35:48','2026-06-25 20:35:48'),
(806,35,'1358','salida_comida','2026-06-25','2026-06-24','19:46:49','2026-06-25 20:46:49'),
(807,42,'3967','salida_comida','2026-06-25','2026-06-25','19:49:58','2026-06-25 20:49:58'),
(808,33,'4045','salida_comida','2026-06-25','2026-06-25','20:15:06','2026-06-25 21:15:06'),
(809,50,'4755','entrada_comida','2026-06-25','2026-06-22','20:21:54','2026-06-25 21:21:54'),
(810,28,'2685','entrada_comida','2026-06-25','2026-06-23','20:22:37','2026-06-25 21:22:37'),
(811,32,'1086','salida_comida','2026-06-25','2026-06-25','20:25:46','2026-06-25 21:25:46'),
(812,29,'2101','entrada','2026-06-25','2026-06-25','20:57:20','2026-06-25 21:57:20'),
(813,32,'1086','entrada_comida','2026-06-25','2026-06-25','21:11:46','2026-06-25 22:11:46'),
(814,16,'4255','entrada_comida','2026-06-25','2026-06-22','21:15:27','2026-06-25 22:15:27'),
(815,28,'2685','entrada_comida','2026-06-25','2026-06-23','21:15:53','2026-06-25 22:15:53'),
(816,5,'1198','salida_comida','2026-06-25','2026-06-22','21:19:33','2026-06-25 22:19:33'),
(817,40,'1948','entrada_comida','2026-06-25','2026-06-22','21:19:54','2026-06-25 22:19:54'),
(818,80,'5239','entrada_comida','2026-06-25','2026-06-23','21:20:05','2026-06-25 22:20:05'),
(819,12,'4458','entrada_comida','2026-06-25','2026-06-22','21:20:32','2026-06-25 22:20:32'),
(820,26,'5218','salida_comida','2026-06-25','2026-06-22','21:21:12','2026-06-25 22:21:12'),
(821,18,'4949','entrada_comida','2026-06-25','2026-06-22','21:21:53','2026-06-25 22:21:53'),
(822,2,'3488','entrada_comida','2026-06-25','2026-06-22','21:22:13','2026-06-25 22:22:13'),
(823,9,'4370','entrada_comida','2026-06-25','2026-06-22','21:23:22','2026-06-25 22:23:22'),
(824,8,'4342','entrada_comida','2026-06-25','2026-06-22','21:23:26','2026-06-25 22:23:26'),
(825,3,'4272','entrada_comida','2026-06-25','2026-06-22','21:25:28','2026-06-25 22:25:28'),
(826,33,'4045','entrada_comida','2026-06-25','2026-06-25','21:26:34','2026-06-25 22:26:34'),
(827,34,'1584','entrada_comida','2026-06-25','2026-06-22','21:26:38','2026-06-25 22:26:38'),
(828,51,'5199','salida','2026-06-25','2026-06-25','21:26:41','2026-06-25 22:26:41'),
(829,35,'1358','salida_comida','2026-06-25','2026-06-24','21:26:57','2026-06-25 22:26:57'),
(830,13,'4575','salida_comida','2026-06-25','2026-06-22','21:27:49','2026-06-25 22:27:49'),
(831,46,'4328','entrada_comida','2026-06-25','2026-06-25','21:27:54','2026-06-25 22:27:55'),
(832,43,'4289','entrada_comida','2026-06-25','2026-06-25','21:27:59','2026-06-25 22:27:59'),
(833,1,'3939','entrada_comida','2026-06-25','2026-06-22','21:28:02','2026-06-25 22:28:02'),
(834,41,'4299','entrada_comida','2026-06-25','2026-06-25','21:28:05','2026-06-25 22:28:05'),
(835,37,'4300','salida','2026-06-25','2026-06-25','21:28:11','2026-06-25 22:28:11'),
(836,49,'4767','salida','2026-06-25','2026-06-25','21:28:14','2026-06-25 22:28:14'),
(837,10,'4384','salida_comida','2026-06-25','2026-06-23','21:29:18','2026-06-25 22:29:18'),
(838,32,'1086','salida','2026-06-25','2026-06-25','21:29:46','2026-06-25 22:29:46'),
(839,44,'4505','entrada_comida','2026-06-25','2026-06-25','21:29:50','2026-06-25 22:29:50'),
(840,15,'4654','entrada_comida','2026-06-25','2026-06-22','21:29:53','2026-06-25 22:29:53'),
(841,45,'4520','salida','2026-06-25','2026-06-25','21:29:56','2026-06-25 22:29:56'),
(842,11,'4463','entrada_comida','2026-06-25','2026-06-22','21:30:00','2026-06-25 22:30:00'),
(843,42,'3967','entrada_comida','2026-06-25','2026-06-25','21:30:03','2026-06-25 22:30:03'),
(844,28,'2685','entrada_comida','2026-06-25','2026-06-23','21:30:07','2026-06-25 22:30:07'),
(845,14,'4612','entrada','2026-06-25','2026-06-25','21:30:11','2026-06-25 22:30:11'),
(846,6,'3083','entrada','2026-06-25','2026-06-25','21:31:58','2026-06-25 22:31:58'),
(847,27,'5219','salida_comida','2026-06-25','2026-06-22','21:34:56','2026-06-25 22:34:56'),
(848,31,'1929','entrada_comida','2026-06-25','2026-06-23','21:35:59','2026-06-25 22:35:59'),
(849,25,'5186','salida_comida','2026-06-25','2026-06-22','21:38:19','2026-06-25 22:38:19'),
(850,4,'1651','entrada_comida','2026-06-25','2026-06-22','21:39:30','2026-06-25 22:39:30'),
(851,23,'4369','salida_comida','2026-06-25','2026-06-22','21:42:45','2026-06-25 22:42:45'),
(852,8,'4342','entrada_comida','2026-06-26','2026-06-22','01:06:43','2026-06-26 02:06:43'),
(853,9,'4370','entrada_comida','2026-06-26','2026-06-22','01:06:47','2026-06-26 02:06:47'),
(854,9,'4370','entrada_comida','2026-06-26','2026-06-22','01:50:47','2026-06-26 02:50:47'),
(855,8,'4342','entrada_comida','2026-06-26','2026-06-22','01:50:50','2026-06-26 02:50:50'),
(856,10,'4384','salida_comida','2026-06-26','2026-06-23','01:50:55','2026-06-26 02:50:55'),
(857,11,'4463','salida','2026-06-26','2026-06-22','01:56:25','2026-06-26 02:56:25'),
(858,15,'4654','salida','2026-06-26','2026-06-22','01:56:30','2026-06-26 02:56:30'),
(859,26,'5218','salida_comida','2026-06-26','2026-06-22','02:07:48','2026-06-26 03:07:48'),
(860,12,'4458','entrada_comida','2026-06-26','2026-06-22','02:31:30','2026-06-26 03:31:30'),
(861,19,'5002','salida_comida','2026-06-26','2026-06-22','02:31:57','2026-06-26 03:31:57'),
(862,10,'4384','salida_comida','2026-06-26','2026-06-23','02:39:47','2026-06-26 03:39:47'),
(863,11,'4463','entrada','2026-06-26','2026-06-26','02:42:00','2026-06-26 03:42:00'),
(864,15,'4654','entrada','2026-06-26','2026-06-26','02:42:02','2026-06-26 03:42:02'),
(865,26,'5218','salida_comida','2026-06-26','2026-06-22','02:44:09','2026-06-26 03:44:09'),
(866,3,'4272','entrada_comida','2026-06-26','2026-06-22','02:49:17','2026-06-26 03:49:17'),
(867,23,'4369','entrada_comida','2026-06-26','2026-06-22','02:49:43','2026-06-26 03:49:43'),
(868,25,'5186','salida_comida','2026-06-26','2026-06-22','02:56:43','2026-06-26 03:56:43'),
(869,16,'4255','entrada_comida','2026-06-26','2026-06-22','02:59:24','2026-06-26 03:59:24'),
(870,16,'4255','entrada_comida','2026-06-26','2026-06-22','02:59:32','2026-06-26 03:59:32'),
(871,16,'4255','entrada_comida','2026-06-26','2026-06-22','02:59:44','2026-06-26 03:59:44'),
(872,40,'1948','salida','2026-06-26','2026-06-22','03:00:50','2026-06-26 04:00:50'),
(873,12,'4458','entrada_comida','2026-06-26','2026-06-22','03:17:19','2026-06-26 04:17:19'),
(874,19,'5002','salida_comida','2026-06-26','2026-06-22','03:23:50','2026-06-26 04:23:50'),
(875,3,'4272','entrada_comida','2026-06-26','2026-06-22','03:32:21','2026-06-26 04:32:21'),
(876,3,'4272','entrada_comida','2026-06-26','2026-06-22','03:32:21','2026-06-26 04:32:21'),
(877,16,'4255','entrada_comida','2026-06-26','2026-06-22','03:32:36','2026-06-26 04:32:36'),
(878,40,'1948','entrada','2026-06-26','2026-06-26','03:36:12','2026-06-26 04:36:12'),
(879,18,'4949','entrada_comida','2026-06-26','2026-06-22','03:39:22','2026-06-26 04:39:22'),
(880,18,'4949','entrada_comida','2026-06-26','2026-06-22','03:39:22','2026-06-26 04:39:22'),
(881,25,'5186','salida_comida','2026-06-26','2026-06-22','03:42:13','2026-06-26 04:42:13'),
(882,25,'5186','salida_comida','2026-06-26','2026-06-22','03:42:13','2026-06-26 04:42:13'),
(883,23,'4369','entrada_comida','2026-06-26','2026-06-22','03:42:26','2026-06-26 04:42:26'),
(884,14,'4612','entrada','2026-06-26','2026-06-26','03:51:18','2026-06-26 04:51:18'),
(885,14,'4612','salida_comida','2026-06-26','2026-06-26','03:51:21','2026-06-26 04:51:21'),
(886,5,'1198','salida_comida','2026-06-26','2026-06-22','03:52:00','2026-06-26 04:52:00'),
(887,5,'1198','salida_comida','2026-06-26','2026-06-22','03:52:00','2026-06-26 04:52:00'),
(888,1,'3939','entrada_comida','2026-06-26','2026-06-22','03:53:50','2026-06-26 04:53:50'),
(889,4,'1651','salida','2026-06-26','2026-06-22','03:55:39','2026-06-26 04:55:39'),
(890,6,'3083','entrada','2026-06-26','2026-06-26','03:57:10','2026-06-26 04:57:10'),
(891,6,'3083','salida_comida','2026-06-26','2026-06-26','03:57:10','2026-06-26 04:57:10'),
(892,80,'5239','salida','2026-06-26','2026-06-23','04:00:58','2026-06-26 05:00:58'),
(893,13,'4575','entrada_comida','2026-06-26','2026-06-22','04:01:04','2026-06-26 05:01:04'),
(894,18,'4949','entrada_comida','2026-06-26','2026-06-22','04:35:39','2026-06-26 05:35:39'),
(895,1,'3939','entrada_comida','2026-06-26','2026-06-22','04:47:36','2026-06-26 05:47:36'),
(896,5,'1198','salida_comida','2026-06-26','2026-06-22','04:48:02','2026-06-26 05:48:02'),
(897,5,'1198','salida_comida','2026-06-26','2026-06-22','04:48:02','2026-06-26 05:48:02'),
(898,14,'4612','entrada_comida','2026-06-26','2026-06-26','04:48:18','2026-06-26 05:48:18'),
(899,4,'1651','entrada','2026-06-26','2026-06-26','04:50:46','2026-06-26 05:50:46'),
(900,6,'3083','salida_comida','2026-06-26','2026-06-26','04:54:25','2026-06-26 05:54:25'),
(901,6,'3083','entrada_comida','2026-06-26','2026-06-26','04:54:32','2026-06-26 05:54:32'),
(902,13,'4575','entrada_comida','2026-06-26','2026-06-22','05:00:19','2026-06-26 06:00:19'),
(903,80,'5239','entrada','2026-06-26','2026-06-26','05:00:24','2026-06-26 06:00:24'),
(904,54,'3563','salida','2026-06-26','2026-06-23','05:41:06','2026-06-26 06:41:06'),
(905,71,'1018','entrada_comida','2026-06-26','2026-06-25','05:47:53','2026-06-26 06:47:53'),
(906,57,'3686','entrada','2026-06-26','2026-06-26','05:48:04','2026-06-26 06:48:04'),
(907,65,'4721','entrada','2026-06-26','2026-06-26','05:50:15','2026-06-26 06:50:15'),
(908,68,'4887','salida','2026-06-26','2026-06-25','05:50:51','2026-06-26 06:50:51'),
(909,56,'3167','entrada','2026-06-26','2026-06-26','05:54:40','2026-06-26 06:54:40'),
(910,64,'4700','salida_comida','2026-06-26','2026-06-25','05:55:01','2026-06-26 06:55:01'),
(911,62,'4550','salida','2026-06-26','2026-06-25','05:55:04','2026-06-26 06:55:04'),
(912,5,'1198','salida_comida','2026-06-26','2026-06-22','05:56:15','2026-06-26 06:56:15'),
(913,8,'4342','entrada_comida','2026-06-26','2026-06-22','05:56:21','2026-06-26 06:56:21'),
(914,9,'4370','entrada_comida','2026-06-26','2026-06-22','05:56:24','2026-06-26 06:56:24'),
(915,25,'5186','salida_comida','2026-06-26','2026-06-22','05:56:29','2026-06-26 06:56:29'),
(916,3,'4272','entrada_comida','2026-06-26','2026-06-22','05:56:31','2026-06-26 06:56:31'),
(917,12,'4458','entrada_comida','2026-06-26','2026-06-22','05:56:34','2026-06-26 06:56:34'),
(918,11,'4463','salida_comida','2026-06-26','2026-06-26','05:56:38','2026-06-26 06:56:38'),
(919,15,'4654','salida_comida','2026-06-26','2026-06-26','05:56:40','2026-06-26 06:56:40'),
(920,16,'4255','entrada_comida','2026-06-26','2026-06-22','05:56:44','2026-06-26 06:56:44'),
(921,58,'1355','entrada_comida','2026-06-26','2026-06-24','05:56:46','2026-06-26 06:56:46'),
(922,6,'3083','salida','2026-06-26','2026-06-26','05:56:49','2026-06-26 06:56:49'),
(923,10,'4384','salida_comida','2026-06-26','2026-06-23','05:56:54','2026-06-26 06:56:54'),
(924,27,'5219','salida_comida','2026-06-26','2026-06-22','05:56:56','2026-06-26 06:56:56'),
(925,4,'1651','salida_comida','2026-06-26','2026-06-26','05:56:58','2026-06-26 06:56:58'),
(926,26,'5218','salida_comida','2026-06-26','2026-06-22','05:57:02','2026-06-26 06:57:02'),
(927,18,'4949','entrada_comida','2026-06-26','2026-06-22','05:57:04','2026-06-26 06:57:04'),
(928,13,'4575','entrada_comida','2026-06-26','2026-06-22','05:57:35','2026-06-26 06:57:35'),
(929,63,'4604','entrada','2026-06-26','2026-06-26','05:57:40','2026-06-26 06:57:40'),
(930,2,'3488','entrada_comida','2026-06-26','2026-06-22','05:58:21','2026-06-26 06:58:21'),
(931,69,'4926','entrada','2026-06-26','2026-06-26','05:58:49','2026-06-26 06:58:49'),
(932,23,'4369','entrada_comida','2026-06-26','2026-06-22','05:59:09','2026-06-26 06:59:09'),
(933,19,'5002','salida_comida','2026-06-26','2026-06-22','06:00:05','2026-06-26 07:00:05'),
(934,60,'4371','entrada','2026-06-26','2026-06-26','06:01:11','2026-06-26 07:01:11'),
(935,74,'5200','salida_comida','2026-06-26','2026-06-22','06:01:15','2026-06-26 07:01:15'),
(936,53,'3221','entrada','2026-06-26','2026-06-26','06:01:35','2026-06-26 07:01:35'),
(937,53,'3221','salida_comida','2026-06-26','2026-06-26','06:01:35','2026-06-26 07:01:35'),
(938,82,'5243','entrada','2026-06-26','2026-06-26','06:01:44','2026-06-26 07:01:44'),
(939,80,'5239','salida_comida','2026-06-26','2026-06-26','06:01:52','2026-06-26 07:01:52'),
(940,66,'3815','entrada_comida','2026-06-26','2026-06-23','06:02:14','2026-06-26 07:02:14'),
(941,55,'1389','salida','2026-06-26','2026-06-25','06:08:33','2026-06-26 07:08:33'),
(942,59,'4348','salida','2026-06-26','2026-06-25','06:08:35','2026-06-26 07:08:35'),
(943,70,'4297','entrada','2026-06-26','2026-06-26','06:09:05','2026-06-26 07:09:05'),
(944,72,'5173','entrada','2026-06-26','2026-06-26','06:11:50','2026-06-26 07:11:50'),
(945,60,'4371','salida_comida','2026-06-26','2026-06-26','09:54:17','2026-06-26 10:54:17'),
(946,70,'4297','salida_comida','2026-06-26','2026-06-26','10:00:40','2026-06-26 11:00:40'),
(947,70,'4297','entrada_comida','2026-06-26','2026-06-26','10:01:34','2026-06-26 11:01:34'),
(948,33,'4045','salida','2026-06-26','2026-06-25','10:02:06','2026-06-26 11:02:06'),
(949,35,'1358','entrada_comida','2026-06-26','2026-06-24','10:05:24','2026-06-26 11:05:24'),
(950,31,'1929','salida','2026-06-26','2026-06-23','10:05:32','2026-06-26 11:05:32'),
(951,30,'3484','entrada','2026-06-26','2026-06-26','10:05:52','2026-06-26 11:05:52'),
(952,38,'1656','entrada_comida','2026-06-26','2026-06-23','10:06:35','2026-06-26 11:06:35'),
(953,72,'5173','salida_comida','2026-06-26','2026-06-26','10:09:25','2026-06-26 11:09:25'),
(954,62,'4550','entrada','2026-06-26','2026-06-26','10:12:10','2026-06-26 11:12:10'),
(955,62,'4550','salida_comida','2026-06-26','2026-06-26','10:12:32','2026-06-26 11:12:32'),
(956,62,'4550','entrada_comida','2026-06-26','2026-06-26','10:12:55','2026-06-26 11:12:55'),
(957,74,'5200','salida_comida','2026-06-26','2026-06-22','10:14:14','2026-06-26 11:14:14'),
(958,61,'4453','entrada_comida','2026-06-26','2026-06-25','10:14:26','2026-06-26 11:14:26'),
(959,81,'5244','salida','2026-06-26','2026-06-24','10:40:24','2026-06-26 11:40:24'),
(960,60,'4371','entrada_comida','2026-06-26','2026-06-26','10:43:05','2026-06-26 11:43:05'),
(961,58,'1355','entrada_comida','2026-06-26','2026-06-24','11:03:48','2026-06-26 12:03:48'),
(962,63,'4604','salida_comida','2026-06-26','2026-06-26','11:04:00','2026-06-26 12:04:00'),
(963,72,'5173','entrada_comida','2026-06-26','2026-06-26','11:07:41','2026-06-26 12:07:41'),
(964,74,'5200','salida_comida','2026-06-26','2026-06-22','11:11:44','2026-06-26 12:11:44'),
(965,61,'4453','entrada_comida','2026-06-26','2026-06-25','11:11:49','2026-06-26 12:11:49'),
(966,57,'3686','salida_comida','2026-06-26','2026-06-26','11:12:10','2026-06-26 12:12:10'),
(967,53,'3221','salida_comida','2026-06-26','2026-06-26','11:12:19','2026-06-26 12:12:19'),
(968,59,'4348','entrada','2026-06-26','2026-06-26','11:32:18','2026-06-26 12:32:18'),
(969,59,'4348','salida_comida','2026-06-26','2026-06-26','11:32:31','2026-06-26 12:32:31'),
(970,57,'3686','entrada_comida','2026-06-26','2026-06-26','11:51:08','2026-06-26 12:51:08'),
(971,64,'4700','salida_comida','2026-06-26','2026-06-25','11:51:25','2026-06-26 12:51:25'),
(972,68,'4887','entrada','2026-06-26','2026-06-26','11:51:29','2026-06-26 12:51:29'),
(973,68,'4887','salida_comida','2026-06-26','2026-06-26','11:51:33','2026-06-26 12:51:33'),
(974,68,'4887','entrada_comida','2026-06-26','2026-06-26','11:51:38','2026-06-26 12:51:38'),
(975,71,'1018','entrada_comida','2026-06-26','2026-06-25','11:58:49','2026-06-26 12:58:49'),
(976,71,'1018','entrada_comida','2026-06-26','2026-06-25','11:58:51','2026-06-26 12:58:51'),
(977,58,'1355','entrada_comida','2026-06-26','2026-06-24','12:07:39','2026-06-26 13:07:39'),
(978,56,'3167','salida_comida','2026-06-26','2026-06-26','12:15:24','2026-06-26 13:15:24'),
(979,56,'3167','entrada_comida','2026-06-26','2026-06-26','12:15:26','2026-06-26 13:15:26'),
(980,56,'3167','salida','2026-06-26','2026-06-26','12:15:31','2026-06-26 13:15:31'),
(981,55,'1389','entrada','2026-06-26','2026-06-26','12:15:53','2026-06-26 13:15:53'),
(982,59,'4348','entrada_comida','2026-06-26','2026-06-26','12:21:19','2026-06-26 13:21:19'),
(983,65,'4721','salida_comida','2026-06-26','2026-06-26','12:55:05','2026-06-26 13:55:05'),
(984,68,'4887','salida','2026-06-26','2026-06-26','13:01:01','2026-06-26 14:01:01'),
(985,65,'4721','entrada_comida','2026-06-26','2026-06-26','13:30:06','2026-06-26 14:30:06'),
(986,42,'3967','salida','2026-06-26','2026-06-25','13:48:48','2026-06-26 14:48:48'),
(987,29,'2101','salida_comida','2026-06-26','2026-06-25','13:49:54','2026-06-26 14:49:54'),
(988,46,'4328','salida','2026-06-26','2026-06-25','13:52:05','2026-06-26 14:52:05'),
(989,43,'4289','salida','2026-06-26','2026-06-25','13:52:10','2026-06-26 14:52:10'),
(990,41,'4299','salida','2026-06-26','2026-06-25','13:52:14','2026-06-26 14:52:14'),
(991,32,'1086','entrada','2026-06-26','2026-06-26','13:52:35','2026-06-26 14:52:35'),
(992,50,'4755','entrada_comida','2026-06-26','2026-06-22','13:54:52','2026-06-26 14:54:52'),
(993,39,'2845','salida','2026-06-26','2026-06-23','13:55:16','2026-06-26 14:55:16'),
(994,28,'2685','salida','2026-06-26','2026-06-23','13:55:24','2026-06-26 14:55:24'),
(995,48,'4972','salida_comida','2026-06-26','2026-06-22','13:55:51','2026-06-26 14:55:51'),
(996,54,'3563','entrada','2026-06-26','2026-06-26','13:56:16','2026-06-26 14:56:16'),
(997,34,'1584','entrada_comida','2026-06-26','2026-06-22','13:57:49','2026-06-26 14:57:49'),
(998,71,'1018','entrada_comida','2026-06-26','2026-06-25','13:57:58','2026-06-26 14:57:58'),
(999,60,'4371','salida','2026-06-26','2026-06-26','13:58:05','2026-06-26 14:58:05'),
(1000,59,'4348','salida','2026-06-26','2026-06-26','13:58:09','2026-06-26 14:58:09'),
(1001,74,'5200','salida_comida','2026-06-26','2026-06-22','13:58:12','2026-06-26 14:58:12'),
(1002,82,'5243','salida_comida','2026-06-26','2026-06-26','13:58:24','2026-06-26 14:58:24'),
(1003,45,'4520','entrada','2026-06-26','2026-06-26','13:58:42','2026-06-26 14:58:42'),
(1004,44,'4505','salida','2026-06-26','2026-06-25','13:58:43','2026-06-26 14:58:43'),
(1005,76,'4855','entrada_comida','2026-06-26','2026-06-24','13:59:23','2026-06-26 14:59:23'),
(1006,47,'4961','salida','2026-06-26','2026-06-24','13:59:27','2026-06-26 14:59:27'),
(1007,83,'5245','salida','2026-06-26','2026-06-25','13:59:31','2026-06-26 14:59:31'),
(1008,64,'4700','salida_comida','2026-06-26','2026-06-25','13:59:42','2026-06-26 14:59:42'),
(1009,72,'5173','salida','2026-06-26','2026-06-26','14:00:25','2026-06-26 15:00:25'),
(1010,70,'4297','salida','2026-06-26','2026-06-26','14:00:41','2026-06-26 15:00:41'),
(1011,69,'4926','salida_comida','2026-06-26','2026-06-26','14:00:51','2026-06-26 15:00:51'),
(1012,57,'3686','salida','2026-06-26','2026-06-26','14:01:13','2026-06-26 15:01:13'),
(1013,65,'4721','salida','2026-06-26','2026-06-26','14:01:23','2026-06-26 15:01:23'),
(1014,62,'4550','salida','2026-06-26','2026-06-26','14:02:07','2026-06-26 15:02:07'),
(1015,51,'5199','entrada','2026-06-26','2026-06-26','14:05:38','2026-06-26 15:05:38'),
(1016,52,'5189','salida','2026-06-26','2026-06-25','14:05:40','2026-06-26 15:05:40'),
(1017,37,'4300','entrada','2026-06-26','2026-06-26','14:07:24','2026-06-26 15:07:24'),
(1018,49,'4767','entrada','2026-06-26','2026-06-26','14:07:26','2026-06-26 15:07:26'),
(1019,58,'1355','entrada_comida','2026-06-26','2026-06-24','17:53:35','2026-06-26 18:53:35'),
(1020,43,'4289','entrada','2026-06-26','2026-06-26','17:56:44','2026-06-26 18:56:44'),
(1021,46,'4328','entrada','2026-06-26','2026-06-26','17:57:08','2026-06-26 18:57:08'),
(1022,61,'4453','entrada_comida','2026-06-26','2026-06-25','17:58:33','2026-06-26 18:58:33'),
(1023,56,'3167','entrada','2026-06-26','2026-06-26','17:59:06','2026-06-26 18:59:06'),
(1024,55,'1389','salida_comida','2026-06-26','2026-06-26','17:59:11','2026-06-26 18:59:11'),
(1025,41,'4299','entrada','2026-06-26','2026-06-26','18:01:15','2026-06-26 19:01:15'),
(1026,68,'4887','entrada','2026-06-26','2026-06-26','18:01:32','2026-06-26 19:01:32'),
(1027,53,'3221','entrada_comida','2026-06-26','2026-06-26','18:01:54','2026-06-26 19:01:54'),
(1028,37,'4300','salida_comida','2026-06-26','2026-06-26','18:01:59','2026-06-26 19:01:59'),
(1029,49,'4767','salida_comida','2026-06-26','2026-06-26','18:02:28','2026-06-26 19:02:28'),
(1030,45,'4520','salida_comida','2026-06-26','2026-06-26','18:02:50','2026-06-26 19:02:50'),
(1031,19,'5002','salida_comida','2026-06-26','2026-06-22','18:08:11','2026-06-26 19:08:11'),
(1032,44,'4505','entrada','2026-06-26','2026-06-26','18:09:59','2026-06-26 19:09:59'),
(1033,35,'1358','entrada_comida','2026-06-26','2026-06-24','18:17:59','2026-06-26 19:17:59'),
(1034,46,'4328','salida_comida','2026-06-26','2026-06-26','18:44:27','2026-06-26 19:44:27'),
(1035,43,'4289','salida_comida','2026-06-26','2026-06-26','18:44:33','2026-06-26 19:44:33'),
(1036,41,'4299','salida_comida','2026-06-26','2026-06-26','18:44:38','2026-06-26 19:44:38'),
(1037,45,'4520','entrada_comida','2026-06-26','2026-06-26','18:46:11','2026-06-26 19:46:11'),
(1038,44,'4505','salida_comida','2026-06-26','2026-06-26','18:48:04','2026-06-26 19:48:04'),
(1039,29,'2101','salida_comida','2026-06-26','2026-06-25','18:50:37','2026-06-26 19:50:37'),
(1040,47,'4961','entrada','2026-06-26','2026-06-26','18:51:36','2026-06-26 19:51:36'),
(1041,35,'1358','entrada_comida','2026-06-26','2026-06-24','18:56:24','2026-06-26 19:56:24'),
(1042,52,'5189','entrada','2026-06-26','2026-06-26','18:57:48','2026-06-26 19:57:48'),
(1043,51,'5199','salida_comida','2026-06-26','2026-06-26','18:57:50','2026-06-26 19:57:50'),
(1044,37,'4300','entrada_comida','2026-06-26','2026-06-26','18:59:08','2026-06-26 19:59:08'),
(1045,49,'4767','entrada_comida','2026-06-26','2026-06-26','18:59:10','2026-06-26 19:59:10'),
(1046,33,'4045','entrada','2026-06-26','2026-06-26','19:03:50','2026-06-26 20:03:50'),
(1047,30,'3484','salida_comida','2026-06-26','2026-06-26','19:33:00','2026-06-26 20:33:00'),
(1048,29,'2101','salida_comida','2026-06-26','2026-06-25','19:33:33','2026-06-26 20:33:33'),
(1049,47,'4961','salida_comida','2026-06-26','2026-06-26','19:39:25','2026-06-26 20:39:26'),
(1050,42,'3967','entrada','2026-06-26','2026-06-26','19:54:05','2026-06-26 20:54:05'),
(1051,39,'2845','entrada','2026-06-26','2026-06-26','19:54:13','2026-06-26 20:54:13'),
(1052,31,'1929','entrada','2026-06-26','2026-06-26','19:55:03','2026-06-26 20:55:03'),
(1053,33,'4045','salida_comida','2026-06-26','2026-06-26','19:55:50','2026-06-26 20:55:50'),
(1054,48,'4972','salida_comida','2026-06-26','2026-06-22','19:58:22','2026-06-26 20:58:22'),
(1055,30,'3484','entrada_comida','2026-06-26','2026-06-26','20:01:29','2026-06-26 21:01:29'),
(1056,52,'5189','salida_comida','2026-06-26','2026-06-26','20:01:43','2026-06-26 21:01:43'),
(1057,51,'5199','entrada_comida','2026-06-26','2026-06-26','20:01:47','2026-06-26 21:01:47'),
(1058,76,'4855','entrada_comida','2026-06-26','2026-06-24','20:04:28','2026-06-26 21:04:28'),
(1059,76,'4855','entrada_comida','2026-06-26','2026-06-24','20:04:28','2026-06-26 21:04:28'),
(1060,28,'2685','entrada','2026-06-26','2026-06-26','20:16:27','2026-06-26 21:16:27'),
(1061,32,'1086','salida_comida','2026-06-26','2026-06-26','20:21:42','2026-06-26 21:21:42'),
(1062,50,'4755','entrada_comida','2026-06-26','2026-06-22','20:24:38','2026-06-26 21:24:38'),
(1063,31,'1929','salida_comida','2026-06-26','2026-06-26','21:00:22','2026-06-26 22:00:22'),
(1064,76,'4855','entrada_comida','2026-06-26','2026-06-24','21:01:09','2026-06-26 22:01:09'),
(1065,42,'3967','salida_comida','2026-06-26','2026-06-26','21:04:26','2026-06-26 22:04:26'),
(1066,32,'1086','entrada_comida','2026-06-26','2026-06-26','21:09:27','2026-06-26 22:09:27'),
(1067,28,'2685','salida_comida','2026-06-26','2026-06-26','21:11:46','2026-06-26 22:11:46'),
(1068,5,'1198','salida_comida','2026-06-26','2026-06-22','21:15:21','2026-06-26 22:15:21'),
(1069,13,'4575','entrada_comida','2026-06-26','2026-06-22','21:18:09','2026-06-26 22:18:09'),
(1070,8,'4342','entrada_comida','2026-06-26','2026-06-22','21:22:02','2026-06-26 22:22:02'),
(1071,9,'4370','entrada_comida','2026-06-26','2026-06-22','21:22:06','2026-06-26 22:22:06'),
(1072,80,'5239','entrada_comida','2026-06-26','2026-06-26','21:24:57','2026-06-26 22:24:57'),
(1073,3,'4272','entrada_comida','2026-06-26','2026-06-22','21:25:21','2026-06-26 22:25:21'),
(1074,40,'1948','salida_comida','2026-06-26','2026-06-26','21:25:47','2026-06-26 22:25:47'),
(1075,35,'1358','entrada_comida','2026-06-26','2026-06-24','21:26:10','2026-06-26 22:26:10'),
(1076,46,'4328','entrada_comida','2026-06-26','2026-06-26','21:26:13','2026-06-26 22:26:13'),
(1077,43,'4289','entrada_comida','2026-06-26','2026-06-26','21:26:17','2026-06-26 22:26:17'),
(1078,41,'4299','entrada_comida','2026-06-26','2026-06-26','21:26:19','2026-06-26 22:26:19'),
(1079,37,'4300','salida','2026-06-26','2026-06-26','21:26:21','2026-06-26 22:26:21'),
(1080,49,'4767','salida','2026-06-26','2026-06-26','21:26:25','2026-06-26 22:26:25'),
(1081,76,'4855','entrada_comida','2026-06-26','2026-06-24','21:26:28','2026-06-26 22:26:28'),
(1082,33,'4045','entrada_comida','2026-06-26','2026-06-26','21:26:31','2026-06-26 22:26:31'),
(1083,28,'2685','entrada_comida','2026-06-26','2026-06-26','21:26:39','2026-06-26 22:26:39'),
(1084,38,'1656','entrada_comida','2026-06-26','2026-06-23','21:26:41','2026-06-26 22:26:41'),
(1085,34,'1584','entrada_comida','2026-06-26','2026-06-22','21:26:45','2026-06-26 22:26:45'),
(1086,47,'4961','entrada_comida','2026-06-26','2026-06-26','21:26:57','2026-06-26 22:26:57'),
(1087,11,'4463','entrada_comida','2026-06-26','2026-06-26','21:27:09','2026-06-26 22:27:09'),
(1088,12,'4458','entrada_comida','2026-06-26','2026-06-22','21:27:13','2026-06-26 22:27:13'),
(1089,17,'4945','entrada_comida','2026-06-26','2026-06-22','21:27:21','2026-06-26 22:27:21'),
(1090,2,'3488','entrada_comida','2026-06-26','2026-06-22','21:27:24','2026-06-26 22:27:24'),
(1091,6,'3083','entrada','2026-06-26','2026-06-26','21:28:20','2026-06-26 22:28:20'),
(1092,1,'3939','entrada_comida','2026-06-26','2026-06-22','21:28:43','2026-06-26 22:28:43'),
(1093,45,'4520','salida','2026-06-26','2026-06-26','21:28:48','2026-06-26 22:28:48'),
(1094,44,'4505','entrada_comida','2026-06-26','2026-06-26','21:28:51','2026-06-26 22:28:51'),
(1095,42,'3967','entrada_comida','2026-06-26','2026-06-26','21:29:01','2026-06-26 22:29:01'),
(1096,4,'1651','entrada_comida','2026-06-26','2026-06-26','21:29:19','2026-06-26 22:29:19'),
(1097,29,'2101','salida_comida','2026-06-26','2026-06-25','21:29:24','2026-06-26 22:29:24'),
(1098,32,'1086','salida','2026-06-26','2026-06-26','21:30:04','2026-06-26 22:30:04'),
(1099,26,'5218','salida_comida','2026-06-26','2026-06-22','21:30:28','2026-06-26 22:30:28'),
(1100,31,'1929','entrada_comida','2026-06-26','2026-06-26','21:31:13','2026-06-26 22:31:13'),
(1101,16,'4255','entrada_comida','2026-06-26','2026-06-22','21:32:25','2026-06-26 22:32:25'),
(1102,30,'3484','salida','2026-06-26','2026-06-26','21:33:30','2026-06-26 22:33:30'),
(1103,10,'4384','salida_comida','2026-06-26','2026-06-23','21:36:39','2026-06-26 22:36:39'),
(1104,14,'4612','salida','2026-06-26','2026-06-26','21:38:45','2026-06-26 22:38:45'),
(1105,25,'5186','salida_comida','2026-06-26','2026-06-22','21:39:50','2026-06-26 22:39:50'),
(1106,27,'5219','salida_comida','2026-06-26','2026-06-22','21:43:41','2026-06-26 22:43:41'),
(1107,23,'4369','entrada_comida','2026-06-26','2026-06-22','21:45:50','2026-06-26 22:45:50'),
(1108,8,'4342','entrada_comida','2026-06-27','2026-06-22','01:20:17','2026-06-27 02:20:17'),
(1109,9,'4370','entrada_comida','2026-06-27','2026-06-22','01:20:20','2026-06-27 02:20:20'),
(1110,11,'4463','salida','2026-06-27','2026-06-26','01:25:29','2026-06-27 02:25:29'),
(1111,12,'4458','salida','2026-06-27','2026-06-22','01:26:35','2026-06-27 02:26:35'),
(1112,12,'4458','entrada','2026-06-27','2026-06-27','01:26:35','2026-06-27 02:26:35'),
(1113,12,'4458','salida_comida','2026-06-27','2026-06-27','01:26:35','2026-06-27 02:26:35'),
(1114,25,'5186','salida_comida','2026-06-27','2026-06-22','01:28:38','2026-06-27 02:28:38'),
(1115,17,'4945','salida','2026-06-27','2026-06-22','01:37:54','2026-06-27 02:37:54'),
(1116,17,'4945','entrada','2026-06-27','2026-06-27','01:38:04','2026-06-27 02:38:04'),
(1117,13,'4575','entrada_comida','2026-06-27','2026-06-22','01:39:15','2026-06-27 02:39:15'),
(1118,3,'4272','entrada_comida','2026-06-27','2026-06-22','01:41:14','2026-06-27 02:41:14'),
(1119,80,'5239','salida','2026-06-27','2026-06-26','01:41:58','2026-06-27 02:41:58'),
(1120,10,'4384','entrada_comida','2026-06-27','2026-06-23','01:53:20','2026-06-27 02:53:20'),
(1121,17,'4945','salida_comida','2026-06-27','2026-06-27','01:54:17','2026-06-27 02:54:17'),
(1122,17,'4945','entrada_comida','2026-06-27','2026-06-27','01:54:17','2026-06-27 02:54:17'),
(1123,5,'1198','salida_comida','2026-06-27','2026-06-22','01:57:39','2026-06-27 02:57:39'),
(1124,5,'1198','salida_comida','2026-06-27','2026-06-22','01:57:39','2026-06-27 02:57:39'),
(1125,4,'1651','salida','2026-06-27','2026-06-26','01:58:13','2026-06-27 02:58:13'),
(1126,9,'4370','entrada_comida','2026-06-27','2026-06-22','01:59:35','2026-06-27 02:59:35'),
(1127,8,'4342','entrada_comida','2026-06-27','2026-06-22','01:59:43','2026-06-27 02:59:43'),
(1128,11,'4463','entrada','2026-06-27','2026-06-27','02:06:10','2026-06-27 03:06:10'),
(1129,12,'4458','salida_comida','2026-06-27','2026-06-27','02:12:27','2026-06-27 03:12:27'),
(1130,13,'4575','entrada_comida','2026-06-27','2026-06-22','02:19:45','2026-06-27 03:19:45'),
(1131,25,'5186','salida_comida','2026-06-27','2026-06-22','02:19:54','2026-06-27 03:19:54'),
(1132,18,'4949','entrada_comida','2026-06-27','2026-06-22','02:20:54','2026-06-27 03:20:54'),
(1133,27,'5219','entrada_comida','2026-06-27','2026-06-22','02:22:22','2026-06-27 03:22:22'),
(1134,16,'4255','salida','2026-06-27','2026-06-22','02:24:22','2026-06-27 03:24:22'),
(1135,26,'5218','entrada_comida','2026-06-27','2026-06-22','02:25:19','2026-06-27 03:25:19'),
(1136,80,'5239','entrada','2026-06-27','2026-06-27','02:34:07','2026-06-27 03:34:07'),
(1137,80,'5239','salida_comida','2026-06-27','2026-06-27','02:34:26','2026-06-27 03:34:26'),
(1138,80,'5239','entrada_comida','2026-06-27','2026-06-27','02:34:32','2026-06-27 03:34:32'),
(1139,10,'4384','entrada_comida','2026-06-27','2026-06-23','02:39:53','2026-06-27 03:39:53'),
(1140,5,'1198','salida_comida','2026-06-27','2026-06-22','02:46:38','2026-06-27 03:46:38'),
(1141,4,'1651','entrada','2026-06-27','2026-06-27','02:47:00','2026-06-27 03:47:00'),
(1142,4,'1651','salida_comida','2026-06-27','2026-06-27','02:47:09','2026-06-27 03:47:09'),
(1143,4,'1651','entrada_comida','2026-06-27','2026-06-27','02:47:14','2026-06-27 03:47:14'),
(1144,23,'4369','salida','2026-06-27','2026-06-22','02:50:39','2026-06-27 03:50:39'),
(1145,40,'1948','entrada_comida','2026-06-27','2026-06-26','03:07:51','2026-06-27 04:07:51'),
(1146,26,'5218','entrada_comida','2026-06-27','2026-06-22','03:09:32','2026-06-27 04:09:32'),
(1147,18,'4949','entrada_comida','2026-06-27','2026-06-22','03:09:42','2026-06-27 04:09:42'),
(1148,19,'5002','salida_comida','2026-06-27','2026-06-22','03:11:40','2026-06-27 04:11:40'),
(1149,27,'5219','entrada_comida','2026-06-27','2026-06-22','03:11:53','2026-06-27 04:11:53'),
(1150,19,'5002','salida_comida','2026-06-27','2026-06-22','03:48:46','2026-06-27 04:48:46'),
(1151,1,'3939','entrada_comida','2026-06-27','2026-06-22','03:48:56','2026-06-27 04:48:56'),
(1152,40,'1948','entrada_comida','2026-06-27','2026-06-26','03:54:21','2026-06-27 04:54:21'),
(1153,54,'3563','salida_comida','2026-06-27','2026-06-26','05:39:19','2026-06-27 06:39:19'),
(1154,56,'3167','entrada','2026-06-27','2026-06-27','05:47:24','2026-06-27 06:47:24'),
(1155,71,'1018','entrada_comida','2026-06-27','2026-06-25','05:48:21','2026-06-27 06:48:21'),
(1156,29,'2101','entrada_comida','2026-06-27','2026-06-25','05:50:05','2026-06-27 06:50:05'),
(1157,65,'4721','entrada','2026-06-27','2026-06-27','05:51:46','2026-06-27 06:51:46'),
(1158,5,'1198','salida_comida','2026-06-27','2026-06-22','05:54:13','2026-06-27 06:54:13'),
(1159,8,'4342','entrada_comida','2026-06-27','2026-06-22','05:54:24','2026-06-27 06:54:24'),
(1160,9,'4370','entrada_comida','2026-06-27','2026-06-22','05:54:26','2026-06-27 06:54:26'),
(1161,23,'4369','entrada','2026-06-27','2026-06-27','05:54:41','2026-06-27 06:54:41'),
(1162,11,'4463','salida_comida','2026-06-27','2026-06-27','05:54:45','2026-06-27 06:54:45'),
(1163,16,'4255','entrada','2026-06-27','2026-06-27','05:54:49','2026-06-27 06:54:49'),
(1164,26,'5218','entrada_comida','2026-06-27','2026-06-22','05:54:56','2026-06-27 06:54:56'),
(1165,18,'4949','entrada_comida','2026-06-27','2026-06-22','05:54:58','2026-06-27 06:54:58'),
(1166,17,'4945','salida','2026-06-27','2026-06-27','05:55:01','2026-06-27 06:55:01'),
(1167,80,'5239','salida','2026-06-27','2026-06-27','05:55:09','2026-06-27 06:55:09'),
(1168,13,'4575','entrada_comida','2026-06-27','2026-06-22','05:55:14','2026-06-27 06:55:14'),
(1169,25,'5186','salida_comida','2026-06-27','2026-06-22','05:55:17','2026-06-27 06:55:17'),
(1170,27,'5219','entrada_comida','2026-06-27','2026-06-22','05:55:21','2026-06-27 06:55:21'),
(1171,12,'4458','entrada_comida','2026-06-27','2026-06-27','05:55:51','2026-06-27 06:55:51'),
(1172,6,'3083','entrada','2026-06-27','2026-06-27','05:55:54','2026-06-27 06:55:54'),
(1173,10,'4384','entrada_comida','2026-06-27','2026-06-23','05:55:58','2026-06-27 06:55:58'),
(1174,4,'1651','salida','2026-06-27','2026-06-27','05:56:01','2026-06-27 06:56:01'),
(1175,66,'3815','entrada_comida','2026-06-27','2026-06-23','05:56:34','2026-06-27 06:56:34'),
(1176,40,'1948','entrada_comida','2026-06-27','2026-06-26','05:56:42','2026-06-27 06:56:42'),
(1177,2,'3488','salida','2026-06-27','2026-06-22','05:57:23','2026-06-27 06:57:23'),
(1178,1,'3939','entrada_comida','2026-06-27','2026-06-22','05:57:27','2026-06-27 06:57:27'),
(1179,70,'4297','entrada','2026-06-27','2026-06-27','05:57:30','2026-06-27 06:57:30'),
(1180,25,'5186','salida_comida','2026-06-27','2026-06-22','05:57:36','2026-06-27 06:57:36'),
(1181,3,'4272','entrada_comida','2026-06-27','2026-06-22','05:58:15','2026-06-27 06:58:15'),
(1182,3,'4272','entrada_comida','2026-06-27','2026-06-22','05:58:15','2026-06-27 06:58:15'),
(1183,73,'5187','entrada','2026-06-27','2026-06-27','05:58:44','2026-06-27 06:58:44'),
(1184,62,'4550','entrada','2026-06-27','2026-06-27','05:59:18','2026-06-27 06:59:18'),
(1185,58,'1355','entrada_comida','2026-06-27','2026-06-24','05:59:41','2026-06-27 06:59:41'),
(1186,69,'4926','entrada_comida','2026-06-27','2026-06-26','06:01:26','2026-06-27 07:01:26'),
(1187,53,'3221','salida','2026-06-27','2026-06-26','06:02:47','2026-06-27 07:02:47'),
(1188,59,'4348','entrada','2026-06-27','2026-06-27','06:02:50','2026-06-27 07:02:50'),
(1189,67,'4394','entrada','2026-06-27','2026-06-27','06:02:54','2026-06-27 07:02:54'),
(1190,82,'5243','entrada_comida','2026-06-27','2026-06-26','06:03:00','2026-06-27 07:03:00'),
(1191,83,'5245','entrada','2026-06-27','2026-06-27','06:03:15','2026-06-27 07:03:15'),
(1192,68,'4887','entrada','2026-06-27','2026-06-27','06:03:51','2026-06-27 07:03:51'),
(1193,61,'4453','salida','2026-06-27','2026-06-25','06:05:30','2026-06-27 07:05:30'),
(1194,74,'5200','salida_comida','2026-06-27','2026-06-22','06:05:35','2026-06-27 07:05:35'),
(1195,64,'4700','salida_comida','2026-06-27','2026-06-25','06:09:38','2026-06-27 07:09:38'),
(1196,55,'1389','entrada_comida','2026-06-27','2026-06-26','06:12:28','2026-06-27 07:12:28'),
(1197,72,'5173','entrada','2026-06-27','2026-06-27','06:15:04','2026-06-27 07:15:04'),
(1198,70,'4297','salida_comida','2026-06-27','2026-06-27','09:58:49','2026-06-27 10:58:49'),
(1199,81,'5244','entrada','2026-06-27','2026-06-27','10:24:22','2026-06-27 11:24:22'),
(1200,72,'5173','salida_comida','2026-06-27','2026-06-27','10:51:20','2026-06-27 11:51:20'),
(1201,74,'5200','salida_comida','2026-06-27','2026-06-22','10:54:54','2026-06-27 11:54:54'),
(1202,61,'4453','entrada','2026-06-27','2026-06-27','10:55:08','2026-06-27 11:55:08'),
(1203,70,'4297','entrada_comida','2026-06-27','2026-06-27','10:55:35','2026-06-27 11:55:35'),
(1204,58,'1355','entrada_comida','2026-06-27','2026-06-24','10:56:08','2026-06-27 11:56:08'),
(1205,73,'5187','salida_comida','2026-06-27','2026-06-27','11:04:19','2026-06-27 12:04:19'),
(1206,68,'4887','salida_comida','2026-06-27','2026-06-27','11:07:50','2026-06-27 12:07:50'),
(1207,69,'4926','entrada_comida','2026-06-27','2026-06-26','11:08:15','2026-06-27 12:08:15'),
(1208,59,'4348','salida_comida','2026-06-27','2026-06-27','11:13:44','2026-06-27 12:13:44'),
(1209,67,'4394','salida_comida','2026-06-27','2026-06-27','11:13:50','2026-06-27 12:13:50'),
(1210,83,'5245','salida_comida','2026-06-27','2026-06-27','11:14:10','2026-06-27 12:14:10'),
(1211,62,'4550','salida_comida','2026-06-27','2026-06-27','11:16:30','2026-06-27 12:16:30'),
(1212,72,'5173','entrada_comida','2026-06-27','2026-06-27','11:44:55','2026-06-27 12:44:55'),
(1213,73,'5187','entrada_comida','2026-06-27','2026-06-27','11:51:22','2026-06-27 12:51:22'),
(1214,63,'4604','entrada_comida','2026-06-27','2026-06-26','11:51:36','2026-06-27 12:51:36'),
(1215,63,'4604','salida','2026-06-27','2026-06-26','11:51:41','2026-06-27 12:51:41'),
(1216,53,'3221','entrada','2026-06-27','2026-06-27','11:51:49','2026-06-27 12:51:49'),
(1217,69,'4926','entrada_comida','2026-06-27','2026-06-26','11:58:56','2026-06-27 12:58:56'),
(1218,69,'4926','entrada_comida','2026-06-27','2026-06-26','11:59:03','2026-06-27 12:59:03'),
(1219,83,'5245','entrada_comida','2026-06-27','2026-06-27','12:03:57','2026-06-27 13:03:57'),
(1220,58,'1355','entrada_comida','2026-06-27','2026-06-24','12:04:04','2026-06-27 13:04:04'),
(1221,59,'4348','entrada_comida','2026-06-27','2026-06-27','12:19:26','2026-06-27 13:19:26'),
(1222,67,'4394','entrada_comida','2026-06-27','2026-06-27','12:19:30','2026-06-27 13:19:30'),
(1223,56,'3167','salida_comida','2026-06-27','2026-06-27','12:21:36','2026-06-27 13:21:36'),
(1224,62,'4550','entrada_comida','2026-06-27','2026-06-27','12:27:46','2026-06-27 13:27:46'),
(1225,68,'4887','entrada_comida','2026-06-27','2026-06-27','12:27:52','2026-06-27 13:27:52'),
(1226,65,'4721','salida_comida','2026-06-27','2026-06-27','12:53:38','2026-06-27 13:53:38'),
(1227,56,'3167','entrada_comida','2026-06-27','2026-06-27','12:56:22','2026-06-27 13:56:22'),
(1228,53,'3221','salida_comida','2026-06-27','2026-06-27','13:02:54','2026-06-27 14:02:54'),
(1229,65,'4721','entrada_comida','2026-06-27','2026-06-27','13:29:50','2026-06-27 14:29:50'),
(1230,38,'1656','salida','2026-06-27','2026-06-23','13:48:27','2026-06-27 14:48:27'),
(1231,31,'1929','salida','2026-06-27','2026-06-26','13:48:29','2026-06-27 14:48:29'),
(1232,48,'4972','salida_comida','2026-06-27','2026-06-22','13:49:10','2026-06-27 14:49:10'),
(1233,32,'1086','entrada','2026-06-27','2026-06-27','13:51:23','2026-06-27 14:51:23'),
(1234,46,'4328','salida','2026-06-27','2026-06-26','13:51:35','2026-06-27 14:51:35'),
(1235,43,'4289','salida','2026-06-27','2026-06-26','13:51:42','2026-06-27 14:51:42'),
(1236,41,'4299','salida','2026-06-27','2026-06-26','13:51:47','2026-06-27 14:51:47'),
(1237,42,'3967','salida','2026-06-27','2026-06-26','13:52:27','2026-06-27 14:52:27'),
(1238,34,'1584','entrada_comida','2026-06-27','2026-06-22','13:54:05','2026-06-27 14:54:05'),
(1239,35,'1358','entrada_comida','2026-06-27','2026-06-24','13:54:25','2026-06-27 14:54:25'),
(1240,30,'3484','entrada','2026-06-27','2026-06-27','13:54:46','2026-06-27 14:54:46'),
(1241,74,'5200','salida_comida','2026-06-27','2026-06-22','13:55:41','2026-06-27 14:55:41'),
(1242,61,'4453','salida_comida','2026-06-27','2026-06-27','13:55:59','2026-06-27 14:55:59'),
(1243,54,'3563','salida_comida','2026-06-27','2026-06-26','13:56:17','2026-06-27 14:56:17'),
(1244,66,'3815','entrada_comida','2026-06-27','2026-06-23','13:56:19','2026-06-27 14:56:19'),
(1245,62,'4550','salida','2026-06-27','2026-06-27','13:56:35','2026-06-27 14:56:35'),
(1246,83,'5245','salida','2026-06-27','2026-06-27','13:56:45','2026-06-27 14:56:45'),
(1247,68,'4887','salida','2026-06-27','2026-06-27','13:56:55','2026-06-27 14:56:55'),
(1248,59,'4348','salida','2026-06-27','2026-06-27','13:58:07','2026-06-27 14:58:07'),
(1249,67,'4394','salida','2026-06-27','2026-06-27','13:58:10','2026-06-27 14:58:10'),
(1250,33,'4045','salida','2026-06-27','2026-06-26','13:58:26','2026-06-27 14:58:26'),
(1251,44,'4505','salida','2026-06-27','2026-06-26','13:58:32','2026-06-27 14:58:32'),
(1252,76,'4855','entrada_comida','2026-06-27','2026-06-24','13:58:50','2026-06-27 14:58:50'),
(1253,45,'4520','entrada','2026-06-27','2026-06-27','13:59:11','2026-06-27 14:59:11'),
(1254,45,'4520','salida_comida','2026-06-27','2026-06-27','13:59:11','2026-06-27 14:59:11'),
(1255,47,'4961','salida','2026-06-27','2026-06-26','13:59:14','2026-06-27 14:59:14'),
(1256,78,'5235','salida_comida','2026-06-27','2026-06-25','14:00:40','2026-06-27 15:00:40'),
(1257,73,'5187','salida','2026-06-27','2026-06-27','14:00:45','2026-06-27 15:00:45'),
(1258,72,'5173','salida','2026-06-27','2026-06-27','14:00:48','2026-06-27 15:00:48'),
(1259,37,'4300','entrada','2026-06-27','2026-06-27','14:00:58','2026-06-27 15:00:58'),
(1260,49,'4767','entrada','2026-06-27','2026-06-27','14:01:01','2026-06-27 15:01:01'),
(1261,65,'4721','salida','2026-06-27','2026-06-27','14:01:15','2026-06-27 15:01:15'),
(1262,53,'3221','entrada_comida','2026-06-27','2026-06-27','14:01:40','2026-06-27 15:01:40'),
(1263,69,'4926','entrada_comida','2026-06-27','2026-06-26','14:01:44','2026-06-27 15:01:44'),
(1264,82,'5243','entrada_comida','2026-06-27','2026-06-26','14:01:50','2026-06-27 15:01:50'),
(1265,70,'4297','salida','2026-06-27','2026-06-27','14:04:54','2026-06-27 15:04:54'),
(1266,50,'4755','entrada_comida','2026-06-27','2026-06-22','14:06:57','2026-06-27 15:06:57'),
(1267,19,'5002','salida_comida','2026-06-27','2026-06-22','17:51:20','2026-06-27 18:51:20'),
(1268,58,'1355','entrada_comida','2026-06-27','2026-06-24','17:55:28','2026-06-27 18:55:28'),
(1269,43,'4289','entrada','2026-06-27','2026-06-27','18:21:44','2026-06-27 19:21:44'),
(1270,46,'4328','entrada','2026-06-27','2026-06-27','18:21:52','2026-06-27 19:21:52'),
(1271,41,'4299','entrada','2026-06-27','2026-06-27','18:22:40','2026-06-27 19:22:40'),
(1272,44,'4505','entrada','2026-06-27','2026-06-27','18:28:48','2026-06-27 19:28:48'),
(1273,45,'4520','salida_comida','2026-06-27','2026-06-27','18:28:50','2026-06-27 19:28:50'),
(1274,35,'1358','entrada_comida','2026-06-27','2026-06-24','18:45:59','2026-06-27 19:45:59'),
(1275,49,'4767','salida_comida','2026-06-27','2026-06-27','19:03:48','2026-06-27 20:03:48'),
(1276,49,'4767','entrada_comida','2026-06-27','2026-06-27','19:03:51','2026-06-27 20:03:51'),
(1277,49,'4767','salida','2026-06-27','2026-06-27','19:03:53','2026-06-27 20:03:53'),
(1278,37,'4300','salida_comida','2026-06-27','2026-06-27','19:03:56','2026-06-27 20:03:56'),
(1279,37,'4300','entrada_comida','2026-06-27','2026-06-27','19:04:00','2026-06-27 20:04:00'),
(1280,37,'4300','salida','2026-06-27','2026-06-27','19:04:04','2026-06-27 20:04:04'),
(1281,41,'4299','salida_comida','2026-06-27','2026-06-27','19:11:05','2026-06-27 20:11:05'),
(1282,46,'4328','salida_comida','2026-06-27','2026-06-27','19:11:07','2026-06-27 20:11:08'),
(1283,43,'4289','salida_comida','2026-06-27','2026-06-27','19:11:12','2026-06-27 20:11:12'),
(1284,52,'5189','entrada_comida','2026-06-27','2026-06-26','19:12:44','2026-06-27 20:12:44'),
(1285,44,'4505','salida_comida','2026-06-27','2026-06-27','19:13:46','2026-06-27 20:13:46'),
(1286,45,'4520','entrada_comida','2026-06-27','2026-06-27','19:13:47','2026-06-27 20:13:47'),
(1287,47,'4961','entrada','2026-06-27','2026-06-27','19:17:31','2026-06-27 20:17:31'),
(1288,50,'4755','entrada_comida','2026-06-27','2026-06-22','19:23:02','2026-06-27 20:23:02'),
(1289,33,'4045','entrada','2026-06-27','2026-06-27','19:39:04','2026-06-27 20:39:04'),
(1290,29,'2101','entrada_comida','2026-06-27','2026-06-25','19:41:17','2026-06-27 20:41:17'),
(1291,76,'4855','entrada_comida','2026-06-27','2026-06-24','19:41:59','2026-06-27 20:41:59'),
(1292,76,'4855','entrada_comida','2026-06-27','2026-06-24','19:41:59','2026-06-27 20:41:59'),
(1293,35,'1358','entrada_comida','2026-06-27','2026-06-24','19:42:47','2026-06-27 20:42:47'),
(1294,32,'1086','salida_comida','2026-06-27','2026-06-27','19:56:33','2026-06-27 20:56:33'),
(1295,42,'3967','entrada','2026-06-27','2026-06-27','19:59:05','2026-06-27 20:59:05'),
(1296,30,'3484','salida_comida','2026-06-27','2026-06-27','19:59:28','2026-06-27 20:59:28'),
(1297,30,'3484','entrada_comida','2026-06-27','2026-06-27','19:59:28','2026-06-27 20:59:28'),
(1298,50,'4755','entrada_comida','2026-06-27','2026-06-22','20:19:11','2026-06-27 21:19:11'),
(1299,2,'3488','entrada','2026-06-27','2026-06-27','20:27:40','2026-06-27 21:27:40'),
(1300,30,'3484','salida','2026-06-27','2026-06-27','20:27:43','2026-06-27 21:27:43'),
(1301,76,'4855','entrada_comida','2026-06-27','2026-06-24','20:28:13','2026-06-27 21:28:13'),
(1302,29,'2101','entrada_comida','2026-06-27','2026-06-25','20:31:29','2026-06-27 21:31:29'),
(1303,71,'1018','entrada_comida','2026-06-27','2026-06-25','20:41:48','2026-06-27 21:41:48'),
(1304,71,'1018','salida','2026-06-27','2026-06-25','20:41:50','2026-06-27 21:41:50'),
(1305,32,'1086','entrada_comida','2026-06-27','2026-06-27','20:42:22','2026-06-27 21:42:22'),
(1306,5,'1198','salida_comida','2026-06-27','2026-06-22','20:48:18','2026-06-27 21:48:18'),
(1307,5,'1198','salida_comida','2026-06-27','2026-06-22','20:48:18','2026-06-27 21:48:18'),
(1308,5,'1198','salida_comida','2026-06-27','2026-06-22','20:48:40','2026-06-27 21:48:40'),
(1309,5,'1198','salida_comida','2026-06-27','2026-06-22','20:48:40','2026-06-27 21:48:40'),
(1310,5,'1198','salida_comida','2026-06-27','2026-06-22','20:48:55','2026-06-27 21:48:55'),
(1311,5,'1198','salida_comida','2026-06-27','2026-06-22','20:49:09','2026-06-27 21:49:09'),
(1312,14,'4612','entrada','2026-06-27','2026-06-27','20:49:42','2026-06-27 21:49:42'),
(1313,8,'4342','entrada_comida','2026-06-27','2026-06-22','20:51:46','2026-06-27 21:51:46'),
(1314,23,'4369','salida_comida','2026-06-27','2026-06-27','20:51:52','2026-06-27 21:51:52'),
(1315,6,'3083','salida_comida','2026-06-27','2026-06-27','20:52:56','2026-06-27 21:52:56'),
(1316,4,'1651','entrada','2026-06-27','2026-06-27','20:54:50','2026-06-27 21:54:50'),
(1317,41,'4299','entrada_comida','2026-06-27','2026-06-27','20:55:42','2026-06-27 21:55:42'),
(1318,33,'4045','salida_comida','2026-06-27','2026-06-27','20:55:48','2026-06-27 21:55:48'),
(1319,47,'4961','salida_comida','2026-06-27','2026-06-27','20:55:51','2026-06-27 21:55:51'),
(1320,42,'3967','salida_comida','2026-06-27','2026-06-27','20:55:57','2026-06-27 21:55:57'),
(1321,45,'4520','salida','2026-06-27','2026-06-27','20:56:19','2026-06-27 21:56:19'),
(1322,44,'4505','entrada_comida','2026-06-27','2026-06-27','20:56:24','2026-06-27 21:56:24'),
(1323,76,'4855','entrada_comida','2026-06-27','2026-06-24','20:56:26','2026-06-27 21:56:26'),
(1324,32,'1086','salida','2026-06-27','2026-06-27','20:56:47','2026-06-27 21:56:47'),
(1325,80,'5239','entrada','2026-06-27','2026-06-27','21:01:21','2026-06-27 22:01:21'),
(1326,1,'3939','entrada_comida','2026-06-27','2026-06-22','21:01:26','2026-06-27 22:01:26'),
(1327,18,'4949','entrada_comida','2026-06-27','2026-06-22','21:04:45','2026-06-27 22:04:45'),
(1328,26,'5218','entrada_comida','2026-06-27','2026-06-22','21:07:28','2026-06-27 22:07:28'),
(1329,50,'4755','entrada_comida','2026-06-27','2026-06-22','21:18:17','2026-06-27 22:18:17'),
(1330,50,'4755','entrada_comida','2026-06-27','2026-06-22','21:18:22','2026-06-27 22:18:22'),
(1331,8,'4342','entrada_comida','2026-06-28','2026-06-22','01:17:00','2026-06-28 02:17:00'),
(1332,46,'4328','entrada_comida','2026-06-28','2026-06-27','01:20:39','2026-06-28 02:20:39'),
(1333,43,'4289','entrada_comida','2026-06-28','2026-06-27','01:23:39','2026-06-28 02:23:39'),
(1334,80,'5239','entrada','2026-06-28','2026-06-28','01:26:13','2026-06-28 02:26:13'),
(1335,30,'3484','entrada','2026-06-28','2026-06-28','01:29:42','2026-06-28 02:29:42'),
(1336,18,'4949','entrada_comida','2026-06-28','2026-06-22','01:42:19','2026-06-28 02:42:19'),
(1337,26,'5218','entrada_comida','2026-06-28','2026-06-22','01:42:23','2026-06-28 02:42:23'),
(1338,1,'3939','entrada_comida','2026-06-28','2026-06-22','01:43:19','2026-06-28 02:43:19'),
(1339,6,'3083','entrada_comida','2026-06-28','2026-06-27','01:44:35','2026-06-28 02:44:35'),
(1340,14,'4612','salida_comida','2026-06-28','2026-06-27','01:44:37','2026-06-28 02:44:37'),
(1341,5,'1198','salida_comida','2026-06-28','2026-06-22','01:45:38','2026-06-28 02:45:38'),
(1342,4,'1651','entrada','2026-06-28','2026-06-28','01:49:20','2026-06-28 02:49:20'),
(1343,8,'4342','entrada_comida','2026-06-28','2026-06-22','01:54:51','2026-06-28 02:54:51'),
(1344,19,'5002','salida_comida','2026-06-28','2026-06-22','02:03:06','2026-06-28 03:03:06'),
(1345,46,'4328','entrada_comida','2026-06-28','2026-06-27','02:10:02','2026-06-28 03:10:02'),
(1346,43,'4289','entrada_comida','2026-06-28','2026-06-27','02:10:08','2026-06-28 03:10:08'),
(1347,30,'3484','salida_comida','2026-06-28','2026-06-28','02:24:42','2026-06-28 03:24:42'),
(1348,19,'5002','salida_comida','2026-06-28','2026-06-22','02:42:52','2026-06-28 03:42:52'),
(1349,80,'5239','salida_comida','2026-06-28','2026-06-28','02:49:37','2026-06-28 03:49:37'),
(1350,4,'1651','salida_comida','2026-06-28','2026-06-28','02:58:29','2026-06-28 03:58:29'),
(1351,14,'4612','salida_comida','2026-06-28','2026-06-27','02:58:34','2026-06-28 03:58:34'),
(1352,5,'1198','salida_comida','2026-06-28','2026-06-22','02:58:46','2026-06-28 03:58:46'),
(1353,5,'1198','salida_comida','2026-06-28','2026-06-22','02:58:46','2026-06-28 03:58:46'),
(1354,6,'3083','entrada_comida','2026-06-28','2026-06-27','02:59:25','2026-06-28 03:59:25'),
(1355,26,'5218','entrada_comida','2026-06-28','2026-06-22','02:59:34','2026-06-28 03:59:34'),
(1356,18,'4949','entrada_comida','2026-06-28','2026-06-22','02:59:40','2026-06-28 03:59:40'),
(1357,1,'3939','entrada_comida','2026-06-28','2026-06-22','03:04:45','2026-06-28 04:04:45'),
(1358,54,'3563','entrada_comida','2026-06-28','2026-06-26','05:41:24','2026-06-28 06:41:24'),
(1359,16,'4255','salida_comida','2026-06-28','2026-06-27','05:54:12','2026-06-28 06:54:12'),
(1360,70,'4297','entrada','2026-06-28','2026-06-28','05:54:32','2026-06-28 06:54:32'),
(1361,65,'4721','entrada','2026-06-28','2026-06-28','05:54:37','2026-06-28 06:54:37'),
(1362,5,'1198','salida_comida','2026-06-28','2026-06-22','05:55:17','2026-06-28 06:55:17'),
(1363,5,'1198','salida_comida','2026-06-28','2026-06-22','05:55:17','2026-06-28 06:55:17'),
(1364,6,'3083','entrada_comida','2026-06-28','2026-06-27','05:56:20','2026-06-28 06:56:20'),
(1365,29,'2101','entrada_comida','2026-06-28','2026-06-25','05:57:34','2026-06-28 06:57:34'),
(1366,46,'4328','entrada_comida','2026-06-28','2026-06-27','05:58:40','2026-06-28 06:58:40'),
(1367,43,'4289','entrada_comida','2026-06-28','2026-06-27','05:58:48','2026-06-28 06:58:48'),
(1368,8,'4342','entrada_comida','2026-06-28','2026-06-22','05:58:58','2026-06-28 06:58:58'),
(1369,26,'5218','entrada_comida','2026-06-28','2026-06-22','05:59:12','2026-06-28 06:59:12'),
(1370,1,'3939','entrada_comida','2026-06-28','2026-06-22','05:59:22','2026-06-28 06:59:22'),
(1371,4,'1651','entrada_comida','2026-06-28','2026-06-28','06:00:00','2026-06-28 07:00:00'),
(1372,30,'3484','entrada_comida','2026-06-28','2026-06-28','06:02:53','2026-06-28 07:02:53'),
(1373,53,'3221','salida','2026-06-28','2026-06-27','06:04:03','2026-06-28 07:04:03'),
(1374,45,'4520','entrada','2026-06-28','2026-06-28','06:05:04','2026-06-28 07:05:04'),
(1375,38,'1656','entrada','2026-06-28','2026-06-28','06:18:05','2026-06-28 07:18:05'),
(1376,61,'4453','entrada_comida','2026-06-28','2026-06-27','06:24:50','2026-06-28 07:24:50'),
(1377,74,'5200','salida_comida','2026-06-28','2026-06-22','06:24:54','2026-06-28 07:24:54'),
(1378,29,'2101','entrada_comida','2026-06-28','2026-06-25','11:18:18','2026-06-28 12:18:18'),
(1379,70,'4297','salida_comida','2026-06-28','2026-06-28','12:10:33','2026-06-28 13:10:33'),
(1380,70,'4297','entrada_comida','2026-06-28','2026-06-28','12:10:39','2026-06-28 13:10:39'),
(1381,53,'3221','entrada','2026-06-28','2026-06-28','12:15:42','2026-06-28 13:15:42'),
(1382,53,'3221','salida_comida','2026-06-28','2026-06-28','12:15:46','2026-06-28 13:15:46'),
(1383,45,'4520','salida_comida','2026-06-28','2026-06-28','13:53:15','2026-06-28 14:53:15'),
(1384,61,'4453','entrada_comida','2026-06-28','2026-06-27','13:53:18','2026-06-28 14:53:18'),
(1385,54,'3563','entrada_comida','2026-06-28','2026-06-26','13:53:36','2026-06-28 14:53:36'),
(1386,53,'3221','entrada_comida','2026-06-28','2026-06-28','13:53:55','2026-06-28 14:53:55'),
(1387,16,'4255','salida_comida','2026-06-28','2026-06-27','13:54:02','2026-06-28 14:54:02'),
(1388,29,'2101','entrada_comida','2026-06-28','2026-06-25','13:55:59','2026-06-28 14:55:59'),
(1389,70,'4297','salida','2026-06-28','2026-06-28','13:56:11','2026-06-28 14:56:11'),
(1390,65,'4721','salida_comida','2026-06-28','2026-06-28','13:56:43','2026-06-28 14:56:43'),
(1391,27,'5219','entrada_comida','2026-06-29','2026-06-22','06:10:39','2026-06-29 07:10:39'),
(1392,6,'3083','entrada_comida','2026-06-29','2026-06-27','06:10:41','2026-06-29 07:10:41'),
(1393,11,'4463','entrada_comida','2026-06-29','2026-06-27','06:10:45','2026-06-29 07:10:45'),
(1394,15,'4654','entrada_comida','2026-06-29','2026-06-26','06:10:48','2026-06-29 07:10:48'),
(1395,2,'3488','salida_comida','2026-06-29','2026-06-27','06:15:55','2026-06-29 07:15:55'),
(1396,58,'1355','entrada','2026-06-29','2026-06-29','08:08:54','2026-06-29 09:08:54'),
(1410,74,'5200','entrada','2026-06-29','2026-06-29','09:22:53','2026-06-29 10:22:51'),
(1411,83,'5245','entrada','2026-06-29','2026-06-29','09:40:38','2026-06-29 10:40:36'),
(1412,83,'5245','salida_comida','2026-06-29','2026-06-29','09:43:27','2026-06-29 10:43:25'),
(1413,83,'5245','entrada_comida','2026-06-29','2026-06-29','09:44:10','2026-06-29 10:44:08'),
(1414,83,'5245','salida','2026-06-29','2026-06-29','09:44:51','2026-06-29 10:44:48'),
(1415,27,'5219','entrada_comida','2026-06-29','2026-06-22','10:00:07','2026-06-29 11:00:07'),
(1416,1,'3939','entrada','2026-06-29','2026-06-29','10:02:36','2026-06-29 11:02:33'),
(1417,10,'4384','entrada_comida','2026-06-29','2026-06-23','10:02:42','2026-06-29 11:02:42'),
(1418,12,'4458','salida','2026-06-29','2026-06-27','10:03:01','2026-06-29 11:03:01'),
(1419,53,'3221','salida','2026-06-29','2026-06-28','10:05:29','2026-06-29 11:05:29'),
(1420,61,'4453','entrada_comida','2026-06-29','2026-06-27','10:13:31','2026-06-29 11:13:31'),
(1421,9,'4370','entrada_comida','2026-06-29','2026-06-22','10:18:19','2026-06-29 11:18:19'),
(1422,8,'4342','entrada_comida','2026-06-29','2026-06-22','10:18:23','2026-06-29 11:18:23'),
(1423,27,'5219','entrada_comida','2026-06-29','2026-06-22','10:45:42','2026-06-29 11:45:42'),
(1424,12,'4458','entrada','2026-06-29','2026-06-29','10:47:18','2026-06-29 11:47:18'),
(1425,10,'4384','entrada_comida','2026-06-29','2026-06-23','10:51:00','2026-06-29 11:51:00'),
(1426,9,'4370','entrada_comida','2026-06-29','2026-06-22','10:54:36','2026-06-29 11:54:36'),
(1427,8,'4342','entrada_comida','2026-06-29','2026-06-22','10:54:38','2026-06-29 11:54:38'),
(1428,11,'4463','salida','2026-06-29','2026-06-27','10:55:09','2026-06-29 11:55:09'),
(1429,15,'4654','salida','2026-06-29','2026-06-26','10:55:11','2026-06-29 11:55:11'),
(1430,26,'5218','entrada_comida','2026-06-29','2026-06-22','12:17:51','2026-06-29 13:17:51'),
(1431,26,'5218','entrada_comida','2026-06-29','2026-06-22','12:17:52','2026-06-29 13:17:52'),
(1432,16,'4255','entrada_comida','2026-06-29','2026-06-27','12:19:11','2026-06-29 13:19:11'),
(1433,1,'3939','salida_comida','2026-06-29','2026-06-29','12:22:26','2026-06-29 13:22:26'),
(1434,4,'1651','salida','2026-06-29','2026-06-28','12:24:59','2026-06-29 13:24:59'),
(1435,4,'1651','entrada','2026-06-29','2026-06-29','12:25:01','2026-06-29 13:25:01'),
(1436,4,'1651','salida_comida','2026-06-29','2026-06-29','12:25:04','2026-06-29 13:25:04'),
(1437,6,'3083','entrada_comida','2026-06-29','2026-06-27','12:25:34','2026-06-29 13:25:34'),
(1438,5,'1198','salida_comida','2026-06-29','2026-06-22','12:26:13','2026-06-29 13:26:13'),
(1439,26,'5218','entrada_comida','2026-06-29','2026-06-22','13:02:11','2026-06-29 14:02:11'),
(1440,19,'5002','salida_comida','2026-06-29','2026-06-22','13:08:05','2026-06-29 14:08:05'),
(1441,13,'4575','entrada_comida','2026-06-29','2026-06-22','13:08:17','2026-06-29 14:08:17'),
(1442,5,'1198','salida_comida','2026-06-29','2026-06-22','13:19:18','2026-06-29 14:19:18'),
(1443,6,'3083','entrada_comida','2026-06-29','2026-06-27','13:19:49','2026-06-29 14:19:49'),
(1444,14,'4612','salida_comida','2026-06-29','2026-06-27','13:20:04','2026-06-29 14:20:04'),
(1445,14,'4612','salida_comida','2026-06-29','2026-06-27','13:20:06','2026-06-29 14:20:06'),
(1446,14,'4612','salida_comida','2026-06-29','2026-06-27','13:20:09','2026-06-29 14:20:09'),
(1447,4,'1651','entrada_comida','2026-06-29','2026-06-29','13:22:28','2026-06-29 14:22:28'),
(1448,19,'5002','salida_comida','2026-06-29','2026-06-22','13:35:59','2026-06-29 14:35:59'),
(1449,54,'3563','entrada_comida','2026-06-29','2026-06-26','13:38:07','2026-06-29 14:38:07'),
(1450,70,'4297','entrada','2026-06-29','2026-06-29','13:45:44','2026-06-29 14:45:44'),
(1451,57,'3686','entrada','2026-06-29','2026-06-29','13:45:59','2026-06-29 14:45:59'),
(1452,58,'1355','salida_comida','2026-06-29','2026-06-29','13:49:01','2026-06-29 14:49:01'),
(1453,58,'1355','entrada_comida','2026-06-29','2026-06-29','13:49:04','2026-06-29 14:49:04'),
(1454,71,'1018','entrada','2026-06-29','2026-06-29','13:49:08','2026-06-29 14:49:08'),
(1455,63,'4604','entrada','2026-06-29','2026-06-29','13:51:05','2026-06-29 14:51:05'),
(1456,63,'4604','salida_comida','2026-06-29','2026-06-29','13:51:11','2026-06-29 14:51:11'),
(1457,63,'4604','entrada_comida','2026-06-29','2026-06-29','13:51:16','2026-06-29 14:51:16'),
(1458,63,'4604','salida','2026-06-29','2026-06-29','13:51:23','2026-06-29 14:51:23'),
(1459,63,'4604','entrada','2026-06-29','2026-06-29','13:51:28','2026-06-29 14:51:28'),
(1460,62,'4550','entrada','2026-06-29','2026-06-29','13:51:36','2026-06-29 14:51:36'),
(1461,64,'4700','salida_comida','2026-06-29','2026-06-25','13:52:39','2026-06-29 14:52:39'),
(1462,74,'5200','salida_comida','2026-06-29','2026-06-29','13:53:43','2026-06-29 14:53:43'),
(1463,60,'4371','entrada','2026-06-29','2026-06-29','13:53:57','2026-06-29 14:53:57'),
(1464,69,'4926','salida','2026-06-29','2026-06-26','13:54:05','2026-06-29 14:54:05'),
(1465,65,'4721','entrada_comida','2026-06-29','2026-06-28','13:54:41','2026-06-29 14:54:41'),
(1466,72,'5173','entrada','2026-06-29','2026-06-29','13:57:44','2026-06-29 14:57:44'),
(1467,73,'5187','entrada','2026-06-29','2026-06-29','13:57:49','2026-06-29 14:57:49'),
(1468,2,'3488','salida_comida','2026-06-29','2026-06-27','13:58:15','2026-06-29 14:58:15'),
(1469,8,'4342','entrada_comida','2026-06-29','2026-06-22','13:58:25','2026-06-29 14:58:25'),
(1470,9,'4370','entrada_comida','2026-06-29','2026-06-22','13:58:27','2026-06-29 14:58:27'),
(1471,13,'4575','entrada_comida','2026-06-29','2026-06-22','13:58:33','2026-06-29 14:58:33'),
(1472,3,'4272','entrada_comida','2026-06-29','2026-06-22','13:58:46','2026-06-29 14:58:46'),
(1473,80,'5239','entrada_comida','2026-06-29','2026-06-28','13:58:51','2026-06-29 14:58:51'),
(1474,10,'4384','entrada_comida','2026-06-29','2026-06-23','13:59:02','2026-06-29 14:59:02'),
(1475,4,'1651','salida','2026-06-29','2026-06-29','13:59:10','2026-06-29 14:59:10'),
(1476,18,'4949','entrada_comida','2026-06-29','2026-06-22','13:59:17','2026-06-29 14:59:17'),
(1477,59,'4348','entrada','2026-06-29','2026-06-29','13:59:24','2026-06-29 14:59:24'),
(1478,67,'4394','entrada','2026-06-29','2026-06-29','13:59:25','2026-06-29 14:59:25'),
(1479,11,'4463','entrada','2026-06-29','2026-06-29','13:59:34','2026-06-29 14:59:34'),
(1480,15,'4654','entrada','2026-06-29','2026-06-29','13:59:37','2026-06-29 14:59:37'),
(1481,12,'4458','salida_comida','2026-06-29','2026-06-29','13:59:55','2026-06-29 14:59:55'),
(1482,27,'5219','entrada_comida','2026-06-29','2026-06-22','14:00:38','2026-06-29 15:00:38'),
(1483,6,'3083','entrada_comida','2026-06-29','2026-06-27','14:01:36','2026-06-29 15:01:36'),
(1484,68,'4887','entrada','2026-06-29','2026-06-29','14:02:29','2026-06-29 15:02:29'),
(1485,83,'5245','entrada','2026-06-29','2026-06-29','14:04:37','2026-06-29 15:04:37'),
(1486,55,'1389','entrada_comida','2026-06-29','2026-06-26','14:04:40','2026-06-29 15:04:40'),
(1487,26,'5218','entrada_comida','2026-06-29','2026-06-22','14:05:24','2026-06-29 15:05:24'),
(1488,84,'485','entrada','2026-06-29','2026-06-29','14:35:26','2026-06-29 15:35:26'),
(1489,84,'485','salida_comida','2026-06-29','2026-06-29','16:27:08','2026-06-29 17:27:08'),
(1490,84,'485','entrada_comida','2026-06-29','2026-06-29','16:49:10','2026-06-29 17:49:06'),
(1491,84,'485','salida','2026-06-29','2026-06-29','16:49:21','2026-06-29 17:49:18');

/*Table structure for table `bitacoras` */

DROP TABLE IF EXISTS `bitacoras`;

CREATE TABLE `bitacoras` (
  `id` int(11) NOT NULL AUTO_INCREMENT,
  `maquina` varchar(120) NOT NULL,
  `fecha_inicio` date DEFAULT NULL,
  `hora_inicio` time DEFAULT NULL,
  `mantenimiento` varchar(150) DEFAULT NULL,
  `descripcionPreven` text DEFAULT NULL,
  `descripcionCorrec` text DEFAULT NULL,
  `operador` varchar(120) DEFAULT NULL,
  `Supervisor` varchar(120) DEFAULT NULL,
  `usuario` varchar(120) DEFAULT NULL,
  `created_at` timestamp NOT NULL DEFAULT current_timestamp(),
  `numero` varchar(80) DEFAULT NULL,
  `fecha_proxima` date DEFAULT NULL,
  `fecha_termino` date DEFAULT NULL,
  `Hora_termino` time DEFAULT NULL,
  `Supervisor2` varchar(120) DEFAULT NULL,
  `Updated` timestamp NULL DEFAULT NULL ON UPDATE current_timestamp(),
  `Dias` int(11) DEFAULT NULL,
  `area_id` int(11) NOT NULL,
  `mantenimiento_id` int(11) DEFAULT NULL,
  `tiempo_muerto` time DEFAULT NULL,
  `status_manto` varchar(25) DEFAULT NULL,
  PRIMARY KEY (`id`),
  KEY `area_id` (`area_id`),
  KEY `mantenimiento_id` (`mantenimiento_id`),
  CONSTRAINT `bitacoras_ibfk_1` FOREIGN KEY (`area_id`) REFERENCES `areas` (`id`) ON DELETE CASCADE,
  CONSTRAINT `bitacoras_ibfk_2` FOREIGN KEY (`mantenimiento_id`) REFERENCES `mantenimientos` (`id`) ON DELETE SET NULL
) ENGINE=InnoDB AUTO_INCREMENT=63 DEFAULT CHARSET=utf8mb4 COLLATE=utf8mb4_unicode_ci;

/*Data for the table `bitacoras` */

insert  into `bitacoras`(`id`,`maquina`,`fecha_inicio`,`hora_inicio`,`mantenimiento`,`descripcionPreven`,`descripcionCorrec`,`operador`,`Supervisor`,`usuario`,`created_at`,`numero`,`fecha_proxima`,`fecha_termino`,`Hora_termino`,`Supervisor2`,`Updated`,`Dias`,`area_id`,`mantenimiento_id`,`tiempo_muerto`,`status_manto`) values 
(1,'Molino14','2026-03-26','16:19:37','CAMBIO DE FILTROS DE LAS FLAUTAS DEL COLECTOR','CAMBIAN FILTROS',NULL,'MIGUEL','Juan Manuel Ortiz','Juan Manuel','2026-06-23 11:11:06',NULL,'2026-04-25','2026-03-26',NULL,NULL,'2026-06-23 11:14:35',30,1,NULL,NULL,'Cerrado'),
(2,'Molino14','2026-03-26','16:17:07','BARRENAR LAS FLAUTAS DEL COLECTOR','LO BARRENAN A 6MM',NULL,'MIGUEL','Juan Manuel Ortiz','Juan Manuel','2026-06-23 11:11:06',NULL,'2026-06-24','2026-03-26',NULL,NULL,'2026-06-23 11:14:35',90,1,NULL,NULL,'Cerrado'),
(3,'Molino3','2026-06-19','00:47:11','CAMBIO DE BANDAS ROTOR Y CLASIFICADOR','SE PEGA EL MOLINO (CAMARA DE MOLIENDA) Y SE ROMPEN LAS BANDAS DEL ROTOR',NULL,'sergio','Juan Manuel','Juan Manuel','2026-06-23 11:11:06',NULL,'2026-09-27','2026-06-19',NULL,NULL,'2026-06-23 11:14:35',100,1,NULL,NULL,'Cerrado'),
(4,'Molino7','2026-06-19','00:50:00','CAMBIO DE PLACAS O PLATO DE MOLINO','SE MANDAN A CAMBIAR LAS PLACAS DEL PLATO',NULL,'sergio','Juan Manuel','Juan Manuel','2026-06-23 11:11:06',NULL,'2026-10-17','2026-06-19',NULL,NULL,'2026-06-23 11:14:35',120,1,NULL,NULL,'Cerrado'),
(5,'Molino3','2026-06-19','00:47:06','CAMBIO DE BANDAS ROTOR Y CLASIFICADOR','SE PEGA EL MOLINO (CAMARA DE MOLIENDA) Y SE ROMPEN LAS BANDAS DEL ROTOR',NULL,'sergio','Juan Manuel','Juan Manuel','2026-06-23 11:11:06',NULL,'2026-06-21','2026-06-19',NULL,NULL,'2026-06-23 11:14:35',2,1,NULL,NULL,'Cerrado'),
(6,'Molino18','2026-06-20','01:28:40','REPARACIÓN DEL ÁRBOL DE LA CAMARA DE MOLIENDA','SE AMARRA EL PLATO, Y SE TRUENAN LAS BANDAS DEL ROTOR',NULL,'sergio','Juan Manuel','Juan Manuel','2026-06-23 11:11:06',NULL,'2026-08-19','2026-06-20',NULL,NULL,'2026-06-23 11:14:35',60,1,NULL,NULL,'Cerrado'),
(7,'Molino14','2026-04-01','05:35:15','SE RECORRE LA BASE DE LA CAMARA DE MOLIENDA','ALBERTO NOS COMENTA QUE LO CHECA LOS DE EUMA',NULL,'ALBERTO','Juan Manuel','Juan Manuel','2026-06-23 11:11:06',NULL,'2026-05-01','2026-04-01',NULL,NULL,'2026-06-23 11:14:35',30,1,NULL,NULL,'Cerrado'),
(8,'Molino1','2026-04-02','01:32:31','CAMBIO DE POLEA DE CLASIFICADOR','SE CAE LA POLEA DEL CLASIFICADOR',NULL,'ALBERTO','Juan Manuel','','2026-06-23 11:11:06',NULL,'2026-07-01','2026-04-02',NULL,NULL,'2026-06-23 11:14:35',90,1,NULL,NULL,'Cerrado'),
(9,'Extrusor17','2025-06-17','06:42:33','CAMBIO DE MANGUERA ( PISTOLA ) KARTCHER / FUGA DE AGUA / MANGUERA ROTA','CAMBIAR MANGUERA DE PISTOLA ESTA ROTA',NULL,'FRANCISCO GOMEZ','Extrusion','','2026-06-23 11:11:06',NULL,'2025-09-25','2025-06-17',NULL,NULL,'2026-06-23 11:14:35',100,2,NULL,NULL,'Cerrado'),
(10,'Molino2','2025-07-15','12:38:40','LIMPIEZA DE EXPREAS (O FLAUTAS) DEL COLECTOR','MANTENIMIENTO A LAS FLAUTAS DEL COLECTOR',NULL,'MIGUEL','Juan Manuel Ortiz','Juan Manuel','2026-06-23 11:11:06',NULL,'2025-11-12','2025-07-15',NULL,NULL,'2026-06-23 11:14:35',120,1,NULL,NULL,'Cerrado'),
(11,'Extrusor1','2025-03-26','08:57:59','FISURAS EN BANDA DE ENFRIAMIENTO','SOLDAR FISURAS EN BANDA DE ENFRIAMEINTO',NULL,'FRANCISCO GOMEZ','Extrusion','','2026-06-23 11:11:06',NULL,'2025-03-28','2025-03-26',NULL,NULL,'2026-06-23 11:14:35',2,2,NULL,NULL,'Cerrado'),
(12,'Extrusor16','2025-03-26','08:54:29','SELLO MECANICO DE RODILLO LAMINADOR EN MAL FUNCIONAMIENTO','CHECAR SELLO MECANICO / POSIBLE OBSTRUCCION / SE CALIENTA RODILLO INFERIOR',NULL,'FRANCISCO GOMEZ','','','2026-06-23 11:11:06',NULL,'2025-05-25','2025-03-26',NULL,NULL,'2026-06-23 11:14:35',60,2,NULL,NULL,'Cerrado'),
(13,'Molino3','2025-02-16','10:49:18','CAMBIO DE EQUIPO DE ENFRIAMIENTO (COI)','8:00 SE LESPRESTA EL MOLINO A VALENTIN PARA EL CAMBIO DE COI',NULL,'MIGUEL','Juan Manuel Ortiz','','2026-06-23 11:11:06',NULL,'2025-03-18','2025-02-16',NULL,NULL,'2026-06-23 11:14:35',30,1,NULL,NULL,'Cerrado'),
(14,'Molino1A','2026-03-30','09:51:57','SE RECORRE LA FLECHA DE LA CRIBA','QUITAN FLECHA PARA AJUSTAR',NULL,'SERGIO','Juan Manuel Ortiz','','2026-06-23 11:11:06',NULL,'2026-06-28','2026-03-30',NULL,NULL,'2026-06-23 11:14:35',90,1,NULL,NULL,'Cerrado'),
(15,'Molino15','2025-03-18','11:37:31','SISTEMA DE ENFRIAMIENTO EN LA CRIBA','SE INICIA LA PRUEBA DEL SISTEMA DE ENFRIAMIENTO EN LA CRIBA DEL MOLINO 15 , A LAS 11:35 SACO 297',NULL,'MIGUEL','Manuel Perez','','2026-06-23 11:11:06',NULL,'2025-06-26','2025-03-18',NULL,NULL,'2026-06-23 11:14:35',100,1,NULL,NULL,'Cerrado'),
(16,'Extrusor12','2025-03-29','10:05:37','FUGA DE ACEITE CAJA DE TRANSMISION','CHECAR EMPAQUES DE CAJA DE TRANSMISION',NULL,'FRANCISCO GOMEZ','Extrusion','','2026-06-23 11:11:06',NULL,'2025-07-27','2025-03-29',NULL,NULL,'2026-06-23 11:14:35',120,2,NULL,NULL,'Cerrado'),
(17,'Extrusor12','2025-03-29','10:26:17','REBICION DE PINOS Y ELEMENTOS','CAMBIAR PINOS, AL PURGAR SE LLEVO LOS PINOS CON PVC',NULL,'JESUS ALBERTO','Extrusion','','2026-06-23 11:11:06',NULL,'2025-03-31','2025-03-29',NULL,NULL,'2026-06-23 11:14:35',2,2,NULL,NULL,'Cerrado'),
(18,'Molino12','2025-02-19','11:21:48','SE RECORRE LA FLECHA DE LA CRIBA','SE RRECORRE LA FLECHA',NULL,'ADRIAN','Juan Manuel Ortiz','','2026-06-23 11:11:06',NULL,'2025-04-20','2025-02-19',NULL,NULL,'2026-06-23 11:14:35',60,1,NULL,NULL,'Cerrado'),
(19,'Mezcla3','2025-03-19','14:55:25','EMPAQUES PARA LAS TAPAS (NARANJAS)','',NULL,'CARLOS','Carlos Mendez','','2026-06-23 11:11:06',NULL,'2025-04-18','2025-03-19',NULL,NULL,'2026-06-23 11:14:35',30,4,NULL,NULL,'Cerrado'),
(20,'Molino6','2025-02-23','09:13:49','REPARACIÓN DEL ÁRBOL DE LA CAMARA DE MOLIENDA','SE AMARRA EL ARBOL',NULL,'ROYER','Juan Manuel Ortiz','','2026-06-23 11:11:06',NULL,'2025-05-24','2025-02-23',NULL,NULL,'2026-06-23 11:14:35',90,1,NULL,NULL,'Cerrado'),
(21,'Molino6','2025-02-19','11:21:00','SE RECORRE LA FLECHA DE LA CRIBA','SE RECOORRE LA FLECHA Y SE SAFN LAS BANDAS DEL MOTOR DE LA CRIBA',NULL,'ADRIAN','Juan Manuel Ortiz','','2026-06-23 11:11:06',NULL,'2025-05-30','2025-02-19',NULL,NULL,'2026-06-23 11:14:35',100,1,NULL,NULL,'Cerrado'),
(22,'Extrusor17','2025-03-19','03:21:27','APRETAR CUCHILLA DE TRITURADOR, SE ESTA TIRANDO PASTA','CHECAR ONDULACION DE BANDA, APRETAR CHUCHILLA PARA EVIAR FUGA DE MARIAL.',NULL,'JESUS ALBERTO','Extrusion','','2026-06-23 11:11:06',NULL,'2025-07-17','2025-03-19',NULL,NULL,'2026-06-23 11:14:35',120,2,NULL,NULL,'Cerrado'),
(23,'Extrusor3','2025-03-25','07:37:01','MAL MONTAJE DE FLECHAS','LAS FLECHAS ESTAN TRONANDO, CHECAR MONTAJE DE FLECHAS Y TURCAS SEGURO',NULL,'FRANCISCO GOMEZ','','','2026-06-23 11:11:06',NULL,'2025-03-27','2025-03-25',NULL,NULL,'2026-06-23 11:14:35',2,2,NULL,NULL,'Cerrado'),
(24,'Extrusor3','2025-03-25','07:52:23','ANCLAJE DE GUARDA TUBULAR AMARILLA ROTA','COLOCAR EN POSICION GUARDA DE PROTECCION, ESTA ROTA Y DESALINEADA',NULL,'FRANCISCO GOMEZ','','','2026-06-23 11:11:06',NULL,'2025-07-23','2025-03-25',NULL,NULL,'2026-06-23 11:14:35',120,2,NULL,NULL,'Cerrado'),
(25,'Extrusor16','2025-03-25','08:20:48','ORIFICIO EN MURO','FRENTE A LA BANDA DEL 70/3 SE DETECTO UN ORICIFIO EN LA PARED',NULL,'FRANCISCO GOMEZ','','','2026-06-23 11:11:06',NULL,'2026-03-20','2025-03-25',NULL,NULL,'2026-06-23 11:14:35',360,2,NULL,NULL,'Cerrado'),
(26,'Molino7','2025-02-16','10:45:30','REPARACIÓN DEL ÁRBOL DE LA CAMARA DE MOLIENDA','7:45 PROBLEMAS EN LA FLECHA DEL ARBOL AL TRABAJARLO',NULL,'ALBERTO','Juan Manuel Ortiz','','2026-06-23 11:11:06',NULL,'2025-04-17','2025-02-16',NULL,NULL,'2026-06-23 11:14:35',60,1,NULL,NULL,'Cerrado'),
(27,'Molino3','2026-04-01','09:55:09','SOLDAR LA CRIBA A LA PLATAFORMA','BASE DE CRIBA DESOLDADA',NULL,'sergio','Juan Manuel Ortiz','','2026-06-23 11:11:06',NULL,'2026-05-01','2026-04-01',NULL,NULL,'2026-06-23 11:14:35',30,1,NULL,NULL,'Cerrado'),
(28,'Molino4','2026-03-31','11:54:45','REPARACIÓN DEL ÁRBOL DE LA CAMARA DE MOLIENDA','MANTENIMIENTO QUITA ARBOL DE MOLINO',NULL,'sergio','Juan Manuel Ortiz','','2026-06-23 11:11:06',NULL,'2026-06-29','2026-03-31',NULL,NULL,'2026-06-23 11:14:35',90,1,NULL,NULL,'Cerrado'),
(29,'Molino3','2026-03-26','16:15:27','BARRENAR LAS FLAUTAS DEL COLECTOR','LO BARRENAN A 6MM',NULL,'MIGUEL','Juan Manuel Ortiz','','2026-06-23 11:11:06',NULL,'2026-07-04','2026-03-26',NULL,NULL,'2026-06-23 11:14:35',100,1,NULL,NULL,'Cerrado'),
(30,'Molino3','2026-03-26','16:16:21','CAMBIO DE FILTROS DE LAS FLAUTAS DEL COLECTOR','CAMBIAN FILTROS EN MAL ESTADO',NULL,'MIGUEL','Juan Manuel Ortiz','','2026-06-23 11:11:06',NULL,'2026-07-24','2026-03-26',NULL,NULL,'2026-06-23 11:14:35',120,1,NULL,NULL,'Cerrado'),
(31,'Molino3','2026-03-26','05:05:35','CAMBIO DE FLECHA DE LA CRIBA','AJUSTAN POSICION DE FLECHA POR PROBLEMAS PARA QUITAR LA TAPA DE LA CRIBA',NULL,'sergio','Juan Manuel Ortiz','','2026-06-23 11:11:06',NULL,'2026-03-28','2026-03-26',NULL,NULL,'2026-06-23 11:14:35',2,1,NULL,NULL,'Cerrado'),
(32,'Mezcladora5','2025-03-28','06:38:39','FISURAS PARA SOLDAR','SOLDAR LA TAPA DE LA PARTE DE ARRIBA',NULL,'ALBERTO ORDAZ','Carlos Mendez','','2026-06-23 11:11:06',NULL,'2025-05-27','2025-03-28',NULL,NULL,'2026-06-23 11:14:35',60,4,NULL,NULL,'Cerrado'),
(33,'Extrusor10','2025-04-12','04:33:41','CHECAR VENTILACION DE VARIADORES / SE CALIENTAN Y SE PEGAN CONSTANTEMENTE LAS FLECHAS','CHECAR VARIADOR DE FLECHAS DE AMAZADO Y VENTILACION DEL MISMO.',NULL,'JESUS ALBERTO','','','2026-06-23 11:11:06',NULL,'2025-05-12','2025-04-12',NULL,NULL,'2026-06-23 11:14:35',30,2,NULL,NULL,'Cerrado'),
(34,'Extrusor16','2025-04-26','17:09:55','DRENADO DE RODILLOS LAMINADORES','LOS RODILLOS LAMINADORES SE ESTAN CALENTANDO. Y SE ESTA PEGANDO LA PASTA',NULL,'JESUS ALBERTO','','','2026-06-23 11:11:06',NULL,'2025-07-25','2025-04-26',NULL,NULL,'2026-06-23 11:14:35',90,2,NULL,NULL,'Cerrado'),
(35,'Molino7','2025-02-13','12:28:04','CAMBIO DE CHUMACERA DE LA FLECHA DEL VENTILADOR','HOL',NULL,'JORGE','Juan Manuel Ortiz','','2026-06-23 11:11:06',NULL,'2025-05-24','2025-02-13',NULL,NULL,'2026-06-23 11:14:35',100,1,NULL,NULL,'Cerrado'),
(36,'Molino6','2025-02-18','10:53:33','REPARACIÓN DEL ÁRBOL DE LA CAMARA DE MOLIENDA','SE AMARRA EL ARBOL',NULL,'ADRIAN','Juan Manuel Ortiz','','2026-06-23 11:11:06',NULL,'2025-06-18','2025-02-18',NULL,NULL,'2026-06-23 11:14:35',120,1,NULL,NULL,'Cerrado'),
(37,'Molino 7','2025-02-22','13:44:03','LIMPIEZA DEL COI','SE ASE LIMPIEZA DEL COI DEL MOLINO',NULL,'ADRIAN','Juan Manuel Ortiz','','2026-06-23 11:11:06',NULL,'2025-02-24','2025-02-22',NULL,NULL,'2026-06-23 11:14:35',2,1,NULL,NULL,'Cerrado'),
(38,'Extrusor10','2025-04-04','19:56:20','TEMPERATURAS ALTAS EN ZONAS DE CALENTAMIENTO','TEMPERATURAS ALTAS NO BAJAN',NULL,'JESUS ALBERTO','','','2026-06-23 11:11:06',NULL,'2025-06-03','2025-04-04',NULL,NULL,'2026-06-23 11:14:35',60,2,NULL,NULL,'Cerrado'),
(39,'Extrusor9','2025-04-12','23:25:18','CHECAR VENTILACION DE VARIADORES / SE CALIENTAN Y SE PEGAN CONSTANTEMENTE LAS FLECHAS','CHECAR VENTILACION DEL VARIDOR',NULL,'JESUS ALBERTO','','','2026-06-23 11:11:06',NULL,'2025-05-12','2025-04-12',NULL,NULL,'2026-06-23 11:14:35',30,2,NULL,NULL,'Cerrado'),
(40,'Extrusor15','2025-04-26','17:08:34','FISURA EN RODILLO LAMINADOR / FUGA DE AGUA','FUGA DE AGUA EN RODILLO / SOLDAR',NULL,'FRANCISCO GOMEZ','','','2026-06-23 11:11:06',NULL,'2025-07-25','2025-04-26',NULL,NULL,'2026-06-23 11:14:35',90,2,NULL,NULL,'Cerrado'),
(41,'Molino13','2026-03-26','16:21:51','BARRENAR LAS FLAUTAS DEL COLECTOR','LAS BARRENAN A 6MM',NULL,'MIGUEL','Juan Manuel Ortiz','','2026-06-23 11:11:06',NULL,'2026-07-04','2026-03-26',NULL,NULL,'2026-06-23 11:14:35',100,1,NULL,NULL,'Cerrado'),
(42,'Molino13','2026-03-26','16:24:51','CAMBIO DE FILTROS DE LAS FLAUTAS DEL COLECTOR','FILTROS EN MAL ESTADO',NULL,'MIGUEL','Juan Manuel Ortiz','','2026-06-23 11:11:06',NULL,'2026-07-24','2026-03-26',NULL,NULL,'2026-06-23 11:14:35',120,1,NULL,NULL,'Cerrado'),
(43,'Molino13','2026-03-26','16:24:51','CAMBIO DE FILTROS DE LAS FLAUTAS DEL COLECTOR','FILTROS EN MAL ESTADO',NULL,'MIGUEL','Juan Manuel Ortiz','','2026-06-23 11:11:06',NULL,'2026-03-28','2026-03-26',NULL,NULL,'2026-06-23 11:14:35',2,1,NULL,NULL,'Cerrado'),
(44,'Molino13','2026-03-26','16:24:51','CAMBIO DE FILTROS DE LAS FLAUTAS DEL COLECTOR','FILTROS EN MAL ESTADO',NULL,'MIGUEL','Juan Manuel Ortiz','','2026-06-23 11:11:06',NULL,'2026-05-25','2026-03-26',NULL,NULL,'2026-06-23 11:14:35',60,1,NULL,NULL,'Cerrado'),
(45,'Extrusor17','2025-04-15','06:55:33','FISURA EN RODILLO LAMINADOR / FUGA DE AGUA','SOLDAR FISURA DE EN RODILO LAMINADOR PRESENTA FUGA DE AGUA',NULL,'FRANCISCO GOMEZ','','','2026-06-23 11:11:06',NULL,'2025-05-15','2025-04-15',NULL,NULL,'2026-06-23 11:14:35',30,2,NULL,NULL,'Cerrado'),
(46,'Extrusor5','2025-04-04','19:53:03','TINA DREN CON DESPLAZAMIENTO','ESTA ROZANDO CON LA RUEDA DE TRANSPORTACION DE LA BANDA',NULL,'JESUS ALBERTO','','','2026-06-23 11:11:06',NULL,'2025-07-03','2025-04-04',NULL,NULL,'2026-06-23 11:14:35',90,2,NULL,NULL,'Cerrado'),
(47,'Extrusor2','2025-03-04','12:41:43','REBICION DE PINOS Y ELEMENTOS','CHECAR ESTATUS DE ELEMENTOS Y PINOS AL CIERRE Y APERTURA DEL HUSILLO.',NULL,'FRANCISCO GOMEZ','','','2026-06-23 11:11:06',NULL,'2025-06-12','2025-03-04',NULL,NULL,'2026-06-23 11:14:35',100,2,NULL,NULL,'Cerrado'),
(48,'Extrusor17','2025-03-10','17:26:07','DIMENCIONAR ELEMENTOS DE FLECHAS / DESGASTE','CHECAR DESGASTE DE DE ELEMENTO DE FLECHAS,',NULL,'FRANCISCO GOMEZ','','','2026-06-23 11:11:06',NULL,'2025-07-08','2025-03-10',NULL,NULL,'2026-06-23 11:14:35',120,2,NULL,NULL,'Cerrado'),
(49,'Extrusor3','2025-03-19','21:54:23','CAMBIAR BANDA DE TRANSMISION DE TRITURADOR ( ROTA )','CHECAR TENSION',NULL,'JESUS ALBERTO','','','2026-06-23 11:11:06',NULL,'2025-03-21','2025-03-19',NULL,NULL,'2026-06-23 11:14:35',2,2,NULL,NULL,'Cerrado'),
(50,'Bonding1','2025-04-03','11:23:10','ASPAS DEL BONDING','REVISAR ASPAS SE DESATORNLLARON',NULL,'ADRIAN','Carlos Mendez','','2026-06-23 11:11:06',NULL,'2025-08-01','2025-04-03',NULL,NULL,'2026-06-23 11:14:35',120,4,NULL,NULL,'Cerrado'),
(51,'Extrusor12','2025-03-26','08:48:40','FUGA DE ACEITE CAJA DE TRANSMISION','CHECAR RETENES DE CAJA DE TRANSMISION Y GRAFITADO DE FLCHA',NULL,'FRANCISCO GOMEZ','','','2026-06-23 11:11:06',NULL,'2026-03-21','2025-03-26',NULL,NULL,'2026-06-23 11:14:35',360,2,NULL,NULL,'Cerrado'),
(52,'Extrusor10','2025-03-10','17:15:33','CHECAR FLECHA DENTADA DE TRITURADOR / ROZA CON EL PEINE','CHECAR DESPLAZAMIENTO DE FLECHA, CON RESPECTO AL CENTRO DE LA MISMA., TIENE CABECEO. MANDAR RECTIFICAR FLECHA.',NULL,'FRANCISCO GOMEZ','','','2026-06-23 11:11:06',NULL,'2025-05-09','2025-03-10',NULL,NULL,'2026-06-23 11:14:35',60,2,NULL,NULL,'Cerrado'),
(53,'Extrusor17','2025-03-22','23:59:46','APRETAR CUCHILLA DE TRITURADOR, SE ESTA TIRANDO PASTA','CHECAR APRIETE DE CUCHILLA.',NULL,'JESUS ALBERTO','','','2026-06-23 11:11:06',NULL,'2025-04-21','2025-03-22',NULL,NULL,'2026-06-23 11:14:35',30,2,NULL,NULL,'Cerrado'),
(54,'Extrusor16','2025-03-24','11:00:49','DRENADO DE RODILLOS LAMINADORES','CHECAR CALENTAMINETO DE RODILLOS LAMINADORES SE ESTAN CALENTANDO.',NULL,'FRANCISCO GOMEZ','','','2026-06-23 11:11:06',NULL,'2025-06-22','2025-03-24',NULL,NULL,'2026-06-23 11:14:35',90,2,NULL,NULL,'Cerrado'),
(55,'Molino 8','2025-04-08','11:18:02','CHECAR PULSOS DE COLECTOR','SE REPORTAN LOS PULSOS NO ESTAN EN SECUENCIA',NULL,'ROGER','Manuel Perez','','2026-06-23 11:11:06',NULL,'2025-07-17','2025-04-08',NULL,NULL,'2026-06-23 11:14:35',100,1,NULL,NULL,'Cerrado'),
(56,'Mezcladora6','2025-03-26','07:16:02','BOMBAS DE ALTA PRESION','REPARAR MANGUERA DAÑADA DE ALTA PRESION FUGA AGUA',NULL,'ALBERTO ORDAZ','Carlos Mendez','','2026-06-23 11:11:06',NULL,'2025-07-24','2025-03-26',NULL,NULL,'2026-06-23 11:14:35',120,4,NULL,NULL,'Cerrado'),
(57,'Mezcladora6','2025-03-26','07:16:02','MANGUERAS PARA LAVAR DE ALTA PRESIÓN','FUGA EL AGUA',NULL,'ALBERTO ORDAZ','Carlos Mendez','','2026-06-23 11:11:06',NULL,'2025-03-28','2025-03-26',NULL,NULL,'2026-06-23 11:14:35',2,4,NULL,NULL,'Cerrado'),
(58,'Mezcladora6','2025-03-26','09:28:01','MANGUERAS PARA LAVAR DE ALTA PRESIÓN','FUGA EL AGUA',NULL,'ALBERTO ORDAZ','Carlos Mendez','','2026-06-23 11:11:06',NULL,'2025-05-25','2025-03-26',NULL,NULL,'2026-06-23 11:14:35',60,4,NULL,NULL,'Cerrado'),
(59,'Criva1','2025-03-21','12:04:07','MALLAS DE 300 MICRAS','CAMBIAR MALLA ROTA DE 300 MICRAS',NULL,'SERGIO NAVARRO','Carlos Mendez','','2026-06-23 11:11:06',NULL,'2025-04-20','2025-03-21',NULL,NULL,'2026-06-23 11:14:35',30,4,NULL,NULL,'Cerrado'),
(60,'Molino 13','2025-02-27','16:46:22','REPARACIÓN DEL ÁRBOL DE LA CAMARA DE MOLIENDA','SE AMARRA EL ARBOL',NULL,'ADRIAN','Juan Manuel Ortiz','','2026-06-23 11:11:06',NULL,'2025-05-28','2025-02-27',NULL,NULL,'2026-06-23 11:14:35',90,1,NULL,NULL,'Cerrado'),
(61,'Extrusor15','2025-03-24','11:03:13','DRENADO DE RODILLOS LAMINADORES','PURGAR RODILLOS LAMINADORES',NULL,'FRANCISCO GOMEZ','','','2026-06-23 11:11:06',NULL,'2025-07-02','2025-03-24',NULL,NULL,'2026-06-23 11:14:35',100,2,NULL,NULL,'Cerrado'),
(62,'Extrusor7','2025-04-05','17:46:05','TEMPERATURA ALTA / AGUA DE ENFRIAMIENTO','CHECAR TEMPERATURA DE AGUA DE ENFRIAMIENTO',NULL,'JESUS ALBERTO','','','2026-06-23 11:11:06',NULL,'2025-08-03','2025-04-05',NULL,NULL,'2026-06-23 11:14:35',120,2,NULL,NULL,'Cerrado');

/*Table structure for table `empleados` */

DROP TABLE IF EXISTS `empleados`;

CREATE TABLE `empleados` (
  `id` int(11) NOT NULL AUTO_INCREMENT,
  `numero_nomina` varchar(60) DEFAULT NULL,
  `nombre` varchar(450) DEFAULT NULL,
  `foto` varchar(500) DEFAULT NULL,
  `puesto` varchar(300) DEFAULT NULL,
  `responsabilidades` text DEFAULT NULL,
  `fecha_nacimiento` date DEFAULT NULL,
  `telefono` varchar(60) DEFAULT NULL,
  `direccion` text DEFAULT NULL,
  `status` char(24) DEFAULT NULL,
  `activo` tinyint(1) NOT NULL DEFAULT 1,
  `departamento` varchar(255) DEFAULT NULL,
  PRIMARY KEY (`id`),
  KEY `idx_empleados_activo_depto` (`activo`,`departamento`)
) ENGINE=InnoDB AUTO_INCREMENT=85 DEFAULT CHARSET=utf8mb4 COLLATE=utf8mb4_unicode_ci;

/*Data for the table `empleados` */

insert  into `empleados`(`id`,`numero_nomina`,`nombre`,`foto`,`puesto`,`responsabilidades`,`fecha_nacimiento`,`telefono`,`direccion`,`status`,`activo`,`departamento`) values 
(1,'3939','GUTIERREZ ALMEIDA VICTOR',NULL,'AYUD.GENERAL',NULL,NULL,NULL,NULL,'activo',1,'Molinos'),
(2,'3488','SANDOVAL PINEDA MARIO',NULL,'OP-MOLINOS',NULL,NULL,NULL,NULL,'activo',1,'Molinos'),
(3,'4272','OLIVERA QUIROZ JAIME',NULL,'AYUD.GENERAL',NULL,NULL,NULL,NULL,'activo',1,'Molinos'),
(4,'1651','APARICIO GONZALEZ EFREN',NULL,'LAVADOR',NULL,NULL,NULL,NULL,'activo',1,'Molinos'),
(5,'1198','PORCAYO PEREZ ELIAS',NULL,'LAVADOR',NULL,NULL,NULL,NULL,'activo',1,'Molinos'),
(6,'3083','RODRIGUEZ VILLA RICARDO',NULL,'MANGAS',NULL,NULL,NULL,NULL,'activo',1,'Molinos'),
(7,'1691','ALANIS RIVAZ ADOLFO',NULL,'MONTACARGUISTA',NULL,NULL,NULL,NULL,'activo',1,'Molinos'),
(8,'4342','MUÑOZ SOLANO SILVIA',NULL,'AYUD.GENERAL',NULL,NULL,NULL,NULL,'activo',1,'Molinos'),
(9,'4370','FUENTES MUÑOZ MYRIAM',NULL,'AYUD.GENERAL',NULL,NULL,NULL,NULL,'activo',1,'Molinos'),
(10,'4384','SANTANA ROMERO MARIA DEL CARMEN',NULL,'AYUD.GENERAL',NULL,NULL,NULL,NULL,'activo',1,'Molinos'),
(11,'4463','GUTIERREZ ALCANTARA MONSERRAT',NULL,'AYUD.GENERAL',NULL,NULL,NULL,NULL,'activo',1,'Molinos'),
(12,'4458','GUADARRAMA RAMIREZ JUAN',NULL,'AYUD.GENERAL',NULL,NULL,NULL,NULL,'activo',1,'Molinos'),
(13,'4575','ORTIZ SALAZAR MIGUEL ANGEL',NULL,'AYUD.GENERAL',NULL,NULL,NULL,NULL,'activo',1,'Molinos'),
(14,'4612','SANCHEZ FLORES JAVIER TONATIUH',NULL,'LAVADOR',NULL,NULL,NULL,NULL,'activo',1,'Molinos'),
(15,'4654','GOMEZ GONZALEZ JUANA',NULL,'AYUD.GENERAL',NULL,NULL,NULL,NULL,'activo',1,'Molinos'),
(16,'4255','SALGUERO FLORES JOSE ANTONIO',NULL,'AYUD.GENERAL',NULL,NULL,NULL,NULL,'activo',1,'Molinos'),
(17,'4945','OSCAR SARA SANCHEZ',NULL,'AYUD.GENERAL',NULL,NULL,NULL,NULL,'activo',1,'Molinos'),
(18,'4949','DANIEL MARIANO RUBIO',NULL,'AYUD.GENERAL',NULL,NULL,NULL,NULL,'activo',1,'Molinos'),
(19,'5002','INIESTRA ORTEGA JOSE ANDRES',NULL,'MONTACARGUISTA',NULL,NULL,NULL,NULL,'activo',1,'Molinos'),
(20,'4754','MONTERO HERNANDEZ SERGIO',NULL,'AYUD.GENERAL',NULL,NULL,NULL,NULL,'activo',1,'Molinos'),
(21,'3423','OLINBRITO OCTAVIANO SERGIO',NULL,'AYUD.GENERAL',NULL,NULL,NULL,NULL,'activo',1,'Molinos'),
(22,'4290','ORTIZ TEJA MARIA DEL CARMEN',NULL,'AYUD.GENERAL',NULL,NULL,NULL,NULL,'activo',1,'Molinos'),
(23,'4369','GALLEGOS AGUILAR ADRIANA ALONDRA',NULL,'AYUD.GENERAL',NULL,NULL,NULL,NULL,'activo',1,'Molinos'),
(24,'5154','JOSE ISIDORO AGUILAR MARTINEZ',NULL,'AYUD.GENERAL',NULL,NULL,NULL,NULL,'activo',1,'Molinos'),
(25,'5186','RODRIGUEZ PIÑA FELIPE',NULL,'AYUD.GENERAL',NULL,NULL,NULL,NULL,'activo',1,'Molinos'),
(26,'5218','DELGADILLO MENA MARI FERNANDA',NULL,'AYUD.GENERAL',NULL,NULL,NULL,NULL,'activo',1,'Molinos'),
(27,'5219','JUAREZ AGUILAR CRISTIAN LEONARDO',NULL,'AYUD.GENERAL',NULL,NULL,NULL,NULL,'activo',1,'Molinos'),
(28,'2685','JIMENEZ FLORES ANDRES',NULL,'OP.MOLINOS',NULL,NULL,NULL,NULL,'activo',1,'Molinos'),
(29,'2101','REYES SEGUNDO FLORENTINO DEL CARMEN',NULL,'MANGAS',NULL,NULL,NULL,NULL,'activo',1,'Molinos'),
(30,'3484','CRUZ CARRO MARTIN SALVADOR',NULL,'LAVADOR',NULL,NULL,NULL,NULL,'activo',1,'Molinos'),
(31,'1929','MARTINEZ HERNANDEZ GABRIEL',NULL,'LAVADOR',NULL,NULL,NULL,NULL,'activo',1,'Molinos'),
(32,'1086','SANCHEZ DE LA CRUZ GERARDO',NULL,'MONTACARGUISTA',NULL,NULL,NULL,NULL,'activo',1,'Molinos'),
(33,'4045','GONZALEZ GARCIA RAFAEL',NULL,'OP.MOLINOS',NULL,NULL,NULL,NULL,'activo',1,'Molinos'),
(34,'1584','MENDOZA AGUIRRE EDILBERTO',NULL,'OP.MOLINOS',NULL,NULL,NULL,NULL,'activo',1,'Molinos'),
(35,'1358','MENDEZ APARICIO RAUL',NULL,'OP.MOLINOS',NULL,NULL,NULL,NULL,'activo',1,'Molinos'),
(36,'3915','VELAZQUEZ CRUZ JUAN ABEL',NULL,'OP.MOLINOS',NULL,NULL,NULL,NULL,'activo',1,'Molinos'),
(37,'4300','PERLA MELISA CASTILLO CASTAÑEDA',NULL,'AYUD. GENERAL',NULL,NULL,NULL,NULL,'activo',1,'Molinos'),
(38,'1656','MENDOZA EDUARDO EDGAR',NULL,'LAVADOR',NULL,NULL,NULL,NULL,'activo',1,'Molinos'),
(39,'2845','CALA OLIVER JESUS ARON',NULL,'LAVADOR',NULL,NULL,NULL,NULL,'activo',1,'Molinos'),
(40,'1948','SANCHEZ MARTINEZ SALVADOR',NULL,'MONTACARGUISTA',NULL,NULL,NULL,NULL,'activo',1,'Molinos'),
(41,'4299','MAYEN MARTINEZ SUSANA',NULL,'AYUD. GENERAL',NULL,NULL,NULL,NULL,'activo',1,'Molinos'),
(42,'3967','MARTINEZ MARTINEZ NOE EZEQUIEL',NULL,'OP.MOLINOS',NULL,NULL,NULL,NULL,'activo',1,'Molinos'),
(43,'4289','NAVA  CORTEZ ANDREA',NULL,'AYUD. GENERAL',NULL,NULL,NULL,NULL,'activo',1,'Molinos'),
(44,'4505','ESCUTIA GUTIERREZ LITZI DERILI',NULL,'AYUD. GENERAL',NULL,NULL,NULL,NULL,'activo',1,'Molinos'),
(45,'4520','ROBLERO GARCIA BRIS ANGELICA',NULL,'AYUD. GENERAL',NULL,NULL,NULL,NULL,'activo',1,'Molinos'),
(46,'4328','SIERRA MEDINA BLANCA ITZEL',NULL,'AYUD. GENERAL',NULL,NULL,NULL,NULL,'activo',1,'Molinos'),
(47,'4961','OLIVERAS SERRANO JOSE ANGEL',NULL,'AYUD. GENERAL',NULL,NULL,NULL,NULL,'activo',1,'Molinos'),
(48,'4972','RESENDIZ GUTIERREZ JOAQUIN URIEL',NULL,'AYUD. GENERAL',NULL,NULL,NULL,NULL,'activo',1,'Molinos'),
(49,'4767','NILDA PATRICIA QURIOZ CEDILLO',NULL,'AYUD. GENERAL',NULL,NULL,NULL,NULL,'activo',1,'Molinos'),
(50,'4755','HANSEL BAUTISTA PATRICIO',NULL,'OP.MOLINOS',NULL,NULL,NULL,NULL,'activo',1,'Molinos'),
(51,'5199','SANCHEZ ZEPEDA ALONDRA',NULL,'AYUD. GENERAL',NULL,NULL,NULL,NULL,'activo',1,'Molinos'),
(52,'5189','AVELINA ARAIZA PEÑA',NULL,'AYUD. GENERAL',NULL,NULL,NULL,NULL,'activo',1,'Molinos'),
(53,'3221','JUAREZ HERNANDEZ MARTIN',NULL,'OP.MOLINOS',NULL,NULL,NULL,NULL,'activo',1,'Molinos'),
(54,'3563','JARDON ALANIS MARCO ANTONIO',NULL,'LAVADOR',NULL,NULL,NULL,NULL,'activo',1,'Molinos'),
(55,'1389','MORALES RAMIREZ JUAN CARLOS',NULL,'OP.MOLINOS',NULL,NULL,NULL,NULL,'activo',1,'Molinos'),
(56,'3167','JIMENEZ ALLENDE JULIO CESAR',NULL,'LAVADOR',NULL,NULL,NULL,NULL,'activo',1,'Molinos'),
(57,'3686','LAURELES PEREZ CARLOS URIEL',NULL,'MANGAS',NULL,NULL,NULL,NULL,'activo',1,'Molinos'),
(58,'1355','ALANIS RIVAS CARLOS ANTONIO',NULL,'MONTACARGUISTA',NULL,NULL,NULL,NULL,'activo',1,'Molinos'),
(59,'4348','CAMPOS GARCIA ADRIANA',NULL,'AYUD. GENERAL',NULL,NULL,NULL,NULL,'activo',1,'Molinos'),
(60,'4371','SALGADO URBINA ELIZABETH',NULL,'AYUD. GENERAL',NULL,NULL,NULL,NULL,'activo',1,'Molinos'),
(61,'4453','CAMPOS VILLEGAS ZENAIDA',NULL,'AYUD. GENERAL',NULL,NULL,NULL,NULL,'activo',1,'Molinos'),
(62,'4550','GARCIA LOPEZ FERNANDO',NULL,'AYUD. GENERAL',NULL,NULL,NULL,NULL,'activo',1,'Molinos'),
(63,'4604','GONZALEZ GUTIERREZ EDER JOSE',NULL,'AYUD. GENERAL',NULL,NULL,NULL,NULL,'activo',1,'Molinos'),
(64,'4700','VALLEJO BENITEZ ERICK',NULL,'AYUD. GENERAL',NULL,NULL,NULL,NULL,'activo',1,'Molinos'),
(65,'4721','SANCHEZ GARCIA JOSE ANTONIO',NULL,'MONTACARGUISTA',NULL,NULL,NULL,NULL,'activo',1,'Molinos'),
(66,'3815','SEGURA DELGADILLO JOSE MANUEL',NULL,'OP.MOLINOS',NULL,NULL,NULL,NULL,'activo',1,'Molinos'),
(67,'4394','GUEVARA GIL SARAI MARIELA',NULL,'AYUD. GENERAL',NULL,NULL,NULL,NULL,'activo',1,'Molinos'),
(68,'4887','PALACIOS MEDINA MARCOS ULISES',NULL,'AYUD. GENERAL',NULL,NULL,NULL,NULL,'activo',1,'Molinos'),
(69,'4926','GARCIA RIVERA VICTOR',NULL,'AYUD. GENERAL',NULL,NULL,NULL,NULL,'activo',1,'Molinos'),
(70,'4297','HERNANDEZ GARCIA ANA CRISTINA',NULL,'AYUD. GENERAL',NULL,NULL,NULL,NULL,'activo',1,'Molinos'),
(71,'1018','FLORENCIO REZA JOEL',NULL,'LAVADOR',NULL,NULL,NULL,NULL,'activo',1,'Molinos'),
(72,'5173','BOLAÑOS TORRES IVAN',NULL,'AYUD. GENERAL',NULL,NULL,NULL,NULL,'activo',1,'Molinos'),
(73,'5187','HERAZ GUTIEEREZ ADOLFO ANGEL',NULL,'AYUD. GENERAL',NULL,NULL,NULL,NULL,'activo',1,'Molinos'),
(74,'5200','ALANIS SALVADOR ARLETTE',NULL,'AYUD. GENERAL',NULL,NULL,NULL,NULL,'activo',1,'Molinos'),
(75,'5212','CAMPOS PEÑA KAREN NAYELI',NULL,'AYUD. GENERAL',NULL,NULL,NULL,NULL,'activo',1,'Molinos'),
(76,'4855','ISRAEL SOLIS NOVELLAN',NULL,'AYUDANTE GENERAL',NULL,NULL,NULL,NULL,'activo',1,'Molinos'),
(77,'5016','JAHAZIEL MENDOZA OLIVERA',NULL,'AYUDANTE GENERAL',NULL,NULL,NULL,NULL,'activo',1,'Molinos'),
(78,'5235','JAIME GONZALEZ AGUILAR',NULL,'AYUDANTE GENERAL',NULL,NULL,NULL,NULL,'activo',1,'Molinos'),
(79,'5233','CELSA GARCIA LOPEZ',NULL,'AYUDANTE GENERAL',NULL,NULL,NULL,NULL,'activo',1,'Molinos'),
(80,'5239','ELVER DE LA CRUZ DUARTE',NULL,'AYUDANTE GENERAL',NULL,NULL,NULL,NULL,'activo',1,'Molinos'),
(81,'5244','CESAR GEOVAANI SILVA GARCIA',NULL,'AYUDANTE GENERAL',NULL,NULL,NULL,NULL,'activo',1,'Molinos'),
(82,'5243','JOSE DANIEL MARTINEZ VALENZUELA',NULL,'AYUDANTE GENERAL',NULL,NULL,NULL,NULL,'activo',1,'Molinos'),
(83,'5245','OSVALDO PICHARDO DELGADILLO',NULL,'AYUDANTE GENERAL',NULL,NULL,NULL,NULL,'activo',1,'Molinos'),
(84,'485','OLMEDO MORALES ANA KAREN','/uploads/empleados/empleado_84_7cb51a2daf38401c8f5d50aa5a3824ed.jpg','ADMIN','PROGRAMAR \nREVISAR RETARDOS\nCHECAR TIEMPO EXTRA',NULL,NULL,NULL,'activo',1,'Molinos');

/*Table structure for table `empleados_acotaciones` */

DROP TABLE IF EXISTS `empleados_acotaciones`;

CREATE TABLE `empleados_acotaciones` (
  `id` int(11) NOT NULL AUTO_INCREMENT,
  `empleado_id` int(11) NOT NULL,
  `acotacion_id` int(11) NOT NULL,
  `fecha` date NOT NULL,
  `observaciones` text DEFAULT NULL,
  `usuario_id` int(11) DEFAULT NULL,
  `created_at` timestamp NOT NULL DEFAULT current_timestamp(),
  PRIMARY KEY (`id`),
  KEY `idx_emp_acotacion_empleado` (`empleado_id`),
  KEY `idx_emp_acotacion_fecha` (`fecha`),
  KEY `idx_emp_acotacion_acotacion` (`acotacion_id`),
  KEY `fk_emp_acotacion_usuario` (`usuario_id`),
  CONSTRAINT `fk_emp_acotacion_acotacion` FOREIGN KEY (`acotacion_id`) REFERENCES `acotaciones` (`id`) ON DELETE CASCADE ON UPDATE CASCADE,
  CONSTRAINT `fk_emp_acotacion_empleado` FOREIGN KEY (`empleado_id`) REFERENCES `empleados` (`id`) ON DELETE CASCADE ON UPDATE CASCADE,
  CONSTRAINT `fk_emp_acotacion_usuario` FOREIGN KEY (`usuario_id`) REFERENCES `usuarios` (`id`) ON DELETE SET NULL ON UPDATE CASCADE
) ENGINE=InnoDB AUTO_INCREMENT=3 DEFAULT CHARSET=utf8mb4 COLLATE=utf8mb4_unicode_ci;

/*Data for the table `empleados_acotaciones` */

insert  into `empleados_acotaciones`(`id`,`empleado_id`,`acotacion_id`,`fecha`,`observaciones`,`usuario_id`,`created_at`) values 
(1,58,8,'2026-06-29','se tomo un dia ',4,'2026-06-29 09:39:39'),
(2,70,3,'2026-06-29','ok',4,'2026-06-29 09:40:27');

/*Table structure for table `empleados_turnos` */

DROP TABLE IF EXISTS `empleados_turnos`;

CREATE TABLE `empleados_turnos` (
  `id` int(11) NOT NULL AUTO_INCREMENT,
  `empleado_id` int(11) NOT NULL,
  `turno_id` int(11) NOT NULL,
  `fecha_inicio` date NOT NULL,
  `fecha_fin` date DEFAULT NULL,
  `activo` tinyint(1) NOT NULL DEFAULT 1,
  `created_at` timestamp NOT NULL DEFAULT current_timestamp(),
  PRIMARY KEY (`id`),
  KEY `idx_empleado_turno_empleado` (`empleado_id`),
  KEY `idx_empleado_turno_turno` (`turno_id`),
  KEY `idx_emp_turnos_activo_turno` (`activo`,`turno_id`,`empleado_id`),
  KEY `idx_emp_turnos_empleado_activo` (`empleado_id`,`activo`),
  CONSTRAINT `fk_empleado_turno_empleado` FOREIGN KEY (`empleado_id`) REFERENCES `empleados` (`id`) ON DELETE CASCADE ON UPDATE CASCADE,
  CONSTRAINT `fk_empleado_turno_turno` FOREIGN KEY (`turno_id`) REFERENCES `turnos` (`id`) ON DELETE CASCADE ON UPDATE CASCADE
) ENGINE=InnoDB AUTO_INCREMENT=84 DEFAULT CHARSET=utf8mb4 COLLATE=utf8mb4_unicode_ci;

/*Data for the table `empleados_turnos` */

insert  into `empleados_turnos`(`id`,`empleado_id`,`turno_id`,`fecha_inicio`,`fecha_fin`,`activo`,`created_at`) values 
(5,1,1,'2026-06-29',NULL,1,'2026-06-29 12:44:35'),
(6,2,1,'2026-06-29',NULL,1,'2026-06-29 13:04:19'),
(7,3,1,'2026-06-29',NULL,1,'2026-06-29 13:15:32'),
(8,4,1,'2026-06-29',NULL,1,'2026-06-29 13:25:49'),
(9,5,1,'2026-06-29',NULL,1,'2026-06-29 13:28:06'),
(10,6,1,'2026-06-29',NULL,1,'2026-06-29 13:29:24'),
(11,7,1,'2026-06-29',NULL,1,'2026-06-29 13:52:10'),
(12,8,1,'2026-06-29',NULL,1,'2026-06-29 14:06:28'),
(13,9,1,'2026-06-29',NULL,1,'2026-06-29 14:14:15'),
(14,84,1,'2026-06-29',NULL,1,'2026-06-29 14:17:42'),
(15,10,1,'2026-06-29',NULL,1,'2026-06-29 14:46:51'),
(16,11,1,'2026-06-29',NULL,1,'2026-06-29 14:53:21'),
(17,12,1,'2026-06-29',NULL,1,'2026-06-29 15:00:51'),
(18,14,1,'2026-06-29',NULL,1,'2026-06-29 15:07:06'),
(19,15,1,'2026-06-29',NULL,1,'2026-06-29 15:11:27'),
(20,16,1,'2026-06-29',NULL,1,'2026-06-29 15:16:01'),
(21,17,1,'2026-06-29',NULL,1,'2026-06-29 15:21:59'),
(22,18,1,'2026-06-29',NULL,1,'2026-06-29 15:29:04'),
(23,19,1,'2026-06-29',NULL,1,'2026-06-29 15:32:32'),
(24,20,1,'2026-06-29',NULL,1,'2026-06-29 15:37:39'),
(25,21,1,'2026-06-29',NULL,1,'2026-06-29 15:37:54'),
(26,22,1,'2026-06-29',NULL,1,'2026-06-29 15:38:06'),
(27,23,1,'2026-06-29',NULL,1,'2026-06-29 15:38:18'),
(28,24,1,'2026-06-29',NULL,1,'2026-06-29 15:38:29'),
(29,25,1,'2026-06-29',NULL,1,'2026-06-29 15:38:51'),
(30,26,1,'2026-06-29',NULL,1,'2026-06-29 15:39:03'),
(31,27,1,'2026-06-29',NULL,1,'2026-06-29 15:39:26'),
(32,53,2,'2026-06-29','2026-06-28',0,'2026-06-29 15:40:17'),
(33,53,3,'2026-06-29',NULL,1,'2026-06-29 15:40:49'),
(34,28,2,'2026-06-29',NULL,1,'2026-06-29 15:41:04'),
(35,29,2,'2026-06-29',NULL,1,'2026-06-29 15:41:32'),
(36,30,2,'2026-06-29',NULL,1,'2026-06-29 15:41:53'),
(37,31,2,'2026-06-29',NULL,1,'2026-06-29 15:42:04'),
(38,32,2,'2026-06-29',NULL,1,'2026-06-29 15:42:26'),
(39,33,2,'2026-06-29',NULL,1,'2026-06-29 15:42:40'),
(40,34,2,'2026-06-29',NULL,1,'2026-06-29 15:42:54'),
(41,35,2,'2026-06-29',NULL,1,'2026-06-29 15:43:04'),
(42,36,2,'2026-06-29',NULL,1,'2026-06-29 15:43:16'),
(43,37,2,'2026-06-29',NULL,1,'2026-06-29 15:43:27'),
(44,38,2,'2026-06-29',NULL,1,'2026-06-29 15:43:40'),
(45,39,2,'2026-06-29',NULL,1,'2026-06-29 15:43:58'),
(46,40,2,'2026-06-29',NULL,1,'2026-06-29 15:44:12'),
(47,41,2,'2026-06-29',NULL,1,'2026-06-29 15:44:30'),
(48,42,1,'2026-06-29','2026-06-28',0,'2026-06-29 15:44:40'),
(49,42,2,'2026-06-29',NULL,1,'2026-06-29 15:45:02'),
(50,43,2,'2026-06-29',NULL,1,'2026-06-29 15:45:13'),
(51,44,2,'2026-06-29',NULL,1,'2026-06-29 15:45:27'),
(52,45,2,'2026-06-29',NULL,1,'2026-06-29 15:45:50'),
(53,46,1,'2026-06-29','2026-06-28',0,'2026-06-29 15:46:01'),
(54,46,2,'2026-06-29',NULL,1,'2026-06-29 15:46:09'),
(55,47,2,'2026-06-29',NULL,1,'2026-06-29 15:46:17'),
(56,48,2,'2026-06-29',NULL,1,'2026-06-29 15:46:35'),
(57,49,2,'2026-06-29',NULL,1,'2026-06-29 15:46:53'),
(58,50,2,'2026-06-29',NULL,1,'2026-06-29 15:47:03'),
(59,51,2,'2026-06-29',NULL,1,'2026-06-29 15:47:12'),
(60,52,2,'2026-06-29',NULL,1,'2026-06-29 15:47:21'),
(61,54,3,'2026-06-29',NULL,1,'2026-06-29 15:48:14'),
(62,55,3,'2026-06-29',NULL,1,'2026-06-29 15:48:29'),
(63,56,3,'2026-06-29',NULL,1,'2026-06-29 15:48:41'),
(64,57,3,'2026-06-29',NULL,1,'2026-06-29 15:48:51'),
(65,58,3,'2026-06-29',NULL,1,'2026-06-29 15:49:03'),
(66,59,3,'2026-06-29',NULL,1,'2026-06-29 15:49:13'),
(67,60,3,'2026-06-29',NULL,1,'2026-06-29 15:49:23'),
(68,61,3,'2026-06-29',NULL,1,'2026-06-29 15:49:36'),
(69,62,3,'2026-06-29',NULL,1,'2026-06-29 15:49:58'),
(70,63,3,'2026-06-29',NULL,1,'2026-06-29 15:50:13'),
(71,64,3,'2026-06-29',NULL,1,'2026-06-29 15:50:29'),
(72,65,3,'2026-06-29',NULL,1,'2026-06-29 15:50:39'),
(73,66,3,'2026-06-29',NULL,1,'2026-06-29 15:50:58'),
(74,67,3,'2026-06-29',NULL,1,'2026-06-29 15:51:10'),
(75,68,3,'2026-06-29',NULL,1,'2026-06-29 15:57:02'),
(76,69,3,'2026-06-29',NULL,1,'2026-06-29 15:57:21'),
(77,70,3,'2026-06-29',NULL,1,'2026-06-29 15:57:32'),
(78,71,3,'2026-06-29',NULL,1,'2026-06-29 15:57:46'),
(79,72,3,'2026-06-29',NULL,1,'2026-06-29 15:58:29'),
(80,73,3,'2026-06-29',NULL,1,'2026-06-29 15:58:41'),
(81,74,3,'2026-06-29',NULL,1,'2026-06-29 15:58:53'),
(82,75,3,'2026-06-29',NULL,1,'2026-06-29 15:59:06'),
(83,13,1,'2026-06-29',NULL,1,'2026-06-29 16:02:19');

/*Table structure for table `empleados_turnos_rotacion` */

DROP TABLE IF EXISTS `empleados_turnos_rotacion`;

CREATE TABLE `empleados_turnos_rotacion` (
  `id` int(11) NOT NULL AUTO_INCREMENT,
  `empleado_id` int(11) NOT NULL,
  `semana_orden` int(11) NOT NULL,
  `turno_id` int(11) NOT NULL,
  `fecha_inicio` date DEFAULT NULL,
  `fecha_fin` date DEFAULT NULL,
  `activo` tinyint(1) NOT NULL DEFAULT 1,
  `created_at` timestamp NOT NULL DEFAULT current_timestamp(),
  PRIMARY KEY (`id`),
  KEY `idx_rotacion_empleado` (`empleado_id`),
  KEY `idx_rotacion_turno` (`turno_id`),
  CONSTRAINT `fk_rotacion_empleado` FOREIGN KEY (`empleado_id`) REFERENCES `empleados` (`id`) ON DELETE CASCADE ON UPDATE CASCADE,
  CONSTRAINT `fk_rotacion_turno` FOREIGN KEY (`turno_id`) REFERENCES `turnos` (`id`) ON DELETE CASCADE ON UPDATE CASCADE
) ENGINE=InnoDB AUTO_INCREMENT=4 DEFAULT CHARSET=utf8mb4 COLLATE=utf8mb4_unicode_ci;

/*Data for the table `empleados_turnos_rotacion` */

insert  into `empleados_turnos_rotacion`(`id`,`empleado_id`,`semana_orden`,`turno_id`,`fecha_inicio`,`fecha_fin`,`activo`,`created_at`) values 
(1,84,1,1,NULL,NULL,1,'2026-06-29 14:29:41'),
(2,84,2,2,NULL,NULL,1,'2026-06-29 14:29:41'),
(3,84,3,4,NULL,NULL,1,'2026-06-29 14:29:41');

/*Table structure for table `mantenimientos` */

DROP TABLE IF EXISTS `mantenimientos`;

CREATE TABLE `mantenimientos` (
  `id` int(11) NOT NULL AUTO_INCREMENT,
  `tipo_mant` varchar(255) DEFAULT NULL,
  `tiempo_mant` varchar(120) NOT NULL,
  `id_area` int(11) NOT NULL,
  `created_at` timestamp NOT NULL DEFAULT current_timestamp(),
  `activo` varchar(2) DEFAULT NULL,
  PRIMARY KEY (`id`),
  KEY `id_area` (`id_area`),
  CONSTRAINT `mantenimientos_ibfk_1` FOREIGN KEY (`id_area`) REFERENCES `areas` (`id`) ON DELETE CASCADE
) ENGINE=InnoDB AUTO_INCREMENT=70 DEFAULT CHARSET=utf8mb4 COLLATE=utf8mb4_unicode_ci;

/*Data for the table `mantenimientos` */

insert  into `mantenimientos`(`id`,`tipo_mant`,`tiempo_mant`,`id_area`,`created_at`,`activo`) values 
(1,'CAMBIO DE MOTOR DE LA CASETA DE CARROS','60',1,'2026-06-23 10:40:34','1'),
(2,'LIMPIEZA DEL COI','60',1,'2026-06-23 10:40:34','1'),
(3,'CAMBIO DE PLACAS O PLATO DE MOLINO','60',1,'2026-06-23 10:40:34','1'),
(4,'CAMBIO DE BANDAS ROTOR Y CLASIFICADOR','60',1,'2026-06-23 10:40:34','1'),
(5,'CAMBIO DE CHUMACERAS DE LA FLECHA DE LA CRIBA (DELANTERA O TRASERA)','60',1,'2026-06-23 10:40:34','1'),
(6,'REPARACIÓN DEL ÁRBOL DE LA CAMARA DE MOLIENDA','60',1,'2026-06-23 10:40:34','1'),
(7,'CAMBIO DE EMPAQUES DE LA VALVULA DEL CICLON','60',1,'2026-06-23 10:40:34','1'),
(8,'CAMCBIO DE TARJETA DE LOS PULSOS','60',1,'2026-06-23 10:40:34','1'),
(9,'CAMBIO DE MOTOR DEL VENTILADOR','60',1,'2026-06-23 10:40:34','1'),
(10,'CAMBIO DE FLECHA DE LA CRIBA','60',1,'2026-06-23 10:40:34','1'),
(11,'CHECAR PULSOS DE COLECTOR','60',1,'2026-06-23 10:40:34','1'),
(12,'CAMBIO DE CHUMACERAS DE LA FLECHA DE LA CRIBA (DELANTERA O TRASERA)','60',1,'2026-06-23 10:40:34','1'),
(13,'REPARACIÓN DEL ÁRBOL DE LA CAMARA DE MOLIENDA','60',1,'2026-06-23 10:40:34','1'),
(14,'CAMBIO DE PLACAS O PLATO DE MOLINO','60',1,'2026-06-23 10:40:34','1'),
(15,'LIMPIEZA DEL COI','60',1,'2026-06-23 10:40:34','1'),
(16,'REPARACION VALVULA DE ALIMENTACION','60',1,'2026-06-23 10:40:34','1'),
(17,'CAMBIO DE CHUMACERAS DE LA FLECHA DE LA CRIBA (DELANTERA O TRASERA)','60',1,'2026-06-23 10:40:34','1'),
(18,'CAMBIO DE CLASIFICADOR','60',1,'2026-06-23 10:40:34','1'),
(19,'TAPA DE LA CAMARA DE MOLIENDA','60',1,'2026-06-23 10:40:34','1'),
(20,'CAMBIO DE CHUMACERAS DE LA FLECHA DE LA CRIBA (DELANTERA O TRASERA)','60',1,'2026-06-23 10:40:34','1'),
(21,'CHECAR PULSOS DE COLECTOR','60',1,'2026-06-23 10:40:34','1'),
(22,'REPARACIÓN DEL ÁRBOL DE LA CAMARA DE MOLIENDA','60',1,'2026-06-23 10:40:34','1'),
(23,'REPARACION VALVULA DE ALIMENTACION','60',1,'2026-06-23 10:40:34','1'),
(24,'REPARACION DE VALVULA DE COLECTOR','60',1,'2026-06-23 10:40:34','1'),
(25,'SOLDAR TOLVA DEL ALIMENTADOR','60',1,'2026-06-23 10:40:34','1'),
(26,'REPARACION DE ESQUELETO DE LAS CRIBAS','60',1,'2026-06-23 10:40:34','1'),
(27,'CAMBIO DE MOTOR DEL CLASIFICADOR','60',1,'2026-06-23 10:40:34','1'),
(28,'BARIADOR DEL ROTOR','60',1,'2026-06-23 10:40:34','1'),
(29,'REPARACION DE VALVULA DE COLECTOR','60',1,'2026-06-23 10:40:34','1'),
(30,'REPARACION VALVULA DE ALIMENTACION','60',1,'2026-06-23 10:40:34','1'),
(31,'CAMBIO DE CHUMACERAS DE LA FLECHA DE LA CRIBA (DELANTERA O TRASERA)','60',1,'2026-06-23 10:40:34','1'),
(32,'REPARACIÓN DEL ÁRBOL DE LA CAMARA DE MOLIENDA','60',1,'2026-06-23 10:40:34','1'),
(33,'CAMBIO DE MOTOR DE LA CRIBA','60',1,'2026-06-23 10:40:34','1'),
(34,'REPARACION DE ESQUELETO DE LAS CRIBAS','60',1,'2026-06-23 10:40:34','1'),
(35,'REPARACIÓN DEL ÁRBOL DE LA CAMARA DE MOLIENDA','60',1,'2026-06-23 10:40:34','1'),
(36,'CAMBIO DE CHUMACERA DE LA FLECHA DEL VENTILADOR','60',1,'2026-06-23 10:40:34','1'),
(37,'VENTILADOR','60',1,'2026-06-23 10:40:34','1'),
(38,'CAMCBIO DE TARJETA DE LOS PULSOS','60',1,'2026-06-23 10:40:34','1'),
(39,'REPARACION DE ESQUELETO DE LAS CRIBAS','60',1,'2026-06-23 10:40:34','1'),
(40,'LIMPIEZA DEL COI','60',1,'2026-06-23 10:40:34','1'),
(41,'CAMBIO DE BANDA DE LA CRIBA','60',1,'2026-06-23 10:40:34','1'),
(42,'CAMBIO DE CHUMACERAS DE LA FLECHA DE LA CRIBA (DELANTERA O TRASERA)','60',1,'2026-06-23 10:40:34','1'),
(43,'CVOLOCACION DE LA CADENA DEL ALIMENTADOR','60',1,'2026-06-23 10:40:34','1'),
(44,'REPARACIÓN DEL ÁRBOL DE LA CAMARA DE MOLIENDA','60',1,'2026-06-23 10:40:34','1'),
(45,'CAMBIO DE PLACAS O PLATO DE MOLINO','60',1,'2026-06-23 10:40:34','1'),
(46,'LIMPIEZA DEL COI','60',1,'2026-06-23 10:40:34','1'),
(47,'CAMBIO DE GATOS HIDRAULICOS','60',1,'2026-06-23 10:40:34','1'),
(48,'SOLDAR TORNILLOS DE LA CABEZA DE LA CRIBA','60',1,'2026-06-23 10:40:34','1'),
(49,'VENTILADOR','60',1,'2026-06-23 10:40:34','1'),
(50,'CAMBIO DE FLECHA DE LA CRIBA','60',1,'2026-06-23 10:40:34','1'),
(51,'CAMBIO DE MOTOR DEL CLASIFICADOR','60',1,'2026-06-23 10:40:34','1'),
(52,'CAMBIO DE PLACAS O PLATO DE MOLINO','60',1,'2026-06-23 10:40:34','1'),
(53,'REPARACIÓN DEL ÁRBOL DE LA CAMARA DE MOLIENDA','60',1,'2026-06-23 10:40:34','1'),
(54,'LIMPIEZA DEL COI','60',1,'2026-06-23 10:40:34','1'),
(55,'REPARACIÓN DEL ÁRBOL DE LA CAMARA DE MOLIENDA','60',1,'2026-06-23 10:40:34','1'),
(56,'REPARACION DE ESQUELETO DE LAS CRIBAS','60',1,'2026-06-23 10:40:34','1'),
(57,'REPARACION VALVULA DE ALIMENTACION','60',1,'2026-06-23 10:40:34','1'),
(58,'CAMBIO DE MOTOR DEL ROTOR','60',1,'2026-06-23 10:40:34','1'),
(59,'LIMPIEZA DEL COI','60',1,'2026-06-23 10:40:34','1'),
(60,'VENTILADOR','60',1,'2026-06-23 10:40:34','1'),
(61,'CAMBIO DE FLECHA DE LA CRIBA','60',1,'2026-06-23 10:40:34','1'),
(62,'REPARACIÓN DEL ÁRBOL DE LA CAMARA DE MOLIENDA','60',1,'2026-06-23 10:40:34','1'),
(63,'CAMBIO DE CHUMACERAS DE LA FLECHA DE LA CRIBA (DELANTERA O TRASERA)','60',1,'2026-06-23 10:40:34','1'),
(64,'CHECAR PULSOS DE COLECTOR','60',1,'2026-06-23 10:40:34','1'),
(65,'CAMBIO DE EMPAQUES DE LAS PUERTAS COLECTOR','60',1,'2026-06-23 10:40:34','1'),
(66,'LIMPIEZA DEL COI','60',1,'2026-06-23 10:40:34','1'),
(67,'CAMBIO DE MOTOR DEL CLASIFICADOR','60',1,'2026-06-23 10:40:34','1'),
(68,'REPARACION DE VALVULA DE COLECTOR','60',1,'2026-06-23 10:40:34','1'),
(69,'VENTILADOR','60',1,'2026-06-23 10:40:34','1');

/*Table structure for table `maquina_asignaciones` */

DROP TABLE IF EXISTS `maquina_asignaciones`;

CREATE TABLE `maquina_asignaciones` (
  `id` int(11) NOT NULL AUTO_INCREMENT,
  `empleado_id` int(11) NOT NULL,
  `maquina_id` int(11) NOT NULL,
  `fecha_jornada` date NOT NULL,
  `hora_inicio` time NOT NULL,
  `hora_fin` time DEFAULT NULL,
  `activo` tinyint(1) NOT NULL DEFAULT 1,
  `usuario_id` int(11) DEFAULT NULL,
  `created_at` timestamp NOT NULL DEFAULT current_timestamp(),
  `updated_at` timestamp NULL DEFAULT NULL ON UPDATE current_timestamp(),
  PRIMARY KEY (`id`),
  KEY `idx_maquina_asig_empleado` (`empleado_id`),
  KEY `idx_maquina_asig_maquina` (`maquina_id`),
  KEY `idx_maquina_asig_jornada` (`fecha_jornada`),
  KEY `idx_maquina_asig_activo` (`activo`),
  KEY `fk_maquina_asig_usuario` (`usuario_id`),
  CONSTRAINT `fk_maquina_asig_empleado` FOREIGN KEY (`empleado_id`) REFERENCES `empleados` (`id`) ON DELETE CASCADE ON UPDATE CASCADE,
  CONSTRAINT `fk_maquina_asig_maquina` FOREIGN KEY (`maquina_id`) REFERENCES `maquinas` (`id`) ON DELETE CASCADE ON UPDATE CASCADE,
  CONSTRAINT `fk_maquina_asig_usuario` FOREIGN KEY (`usuario_id`) REFERENCES `usuarios` (`id`) ON DELETE SET NULL ON UPDATE CASCADE
) ENGINE=InnoDB AUTO_INCREMENT=23 DEFAULT CHARSET=utf8mb4 COLLATE=utf8mb4_unicode_ci;

/*Data for the table `maquina_asignaciones` */

insert  into `maquina_asignaciones`(`id`,`empleado_id`,`maquina_id`,`fecha_jornada`,`hora_inicio`,`hora_fin`,`activo`,`usuario_id`,`created_at`,`updated_at`) values 
(1,4,1,'2026-06-26','17:45:09',NULL,1,4,'2026-06-26 17:45:09',NULL),
(2,15,15,'2026-06-26','17:45:26',NULL,1,4,'2026-06-26 17:45:26',NULL),
(3,11,15,'2026-06-26','17:45:51',NULL,1,4,'2026-06-26 17:45:51',NULL),
(4,63,16,'2026-06-26','17:45:59',NULL,1,4,'2026-06-26 17:45:59',NULL),
(5,54,15,'2026-06-26','17:46:09',NULL,1,4,'2026-06-26 17:46:09',NULL),
(6,82,15,'2026-06-26','17:46:15',NULL,1,4,'2026-06-26 17:46:15',NULL),
(7,69,1,'2026-06-26','17:46:19',NULL,1,4,'2026-06-26 17:46:19',NULL),
(8,80,3,'2026-06-26','17:50:03',NULL,1,4,'2026-06-26 17:50:03',NULL),
(9,30,1,'2026-06-26','17:50:35',NULL,1,4,'2026-06-26 17:50:35',NULL),
(10,53,1,'2026-06-26','17:50:38',NULL,1,4,'2026-06-26 17:50:38',NULL),
(11,32,1,'2026-06-26','17:50:50',NULL,1,4,'2026-06-26 17:50:50',NULL),
(12,45,1,'2026-06-26','17:50:52',NULL,1,4,'2026-06-26 17:50:52',NULL),
(13,51,4,'2026-06-26','17:51:59',NULL,1,4,'2026-06-26 17:51:59',NULL),
(14,49,2,'2026-06-26','17:52:05',NULL,1,4,'2026-06-26 17:52:05',NULL),
(15,55,2,'2026-06-26','17:52:08',NULL,1,4,'2026-06-26 17:52:08',NULL),
(16,14,2,'2026-06-26','17:52:11',NULL,1,4,'2026-06-26 17:52:11',NULL),
(17,40,1,'2026-06-26','17:52:13',NULL,1,4,'2026-06-26 17:52:13',NULL),
(18,37,2,'2026-06-26','17:52:17',NULL,1,4,'2026-06-26 17:52:17',NULL),
(19,74,1,'2026-06-29','11:12:52',NULL,1,4,'2026-06-29 11:12:52',NULL),
(20,1,2,'2026-06-29','11:13:09',NULL,1,4,'2026-06-29 11:13:09',NULL),
(21,58,4,'2026-06-29','12:01:44',NULL,1,4,'2026-06-29 12:01:44',NULL),
(22,12,3,'2026-06-29','12:03:03',NULL,1,4,'2026-06-29 12:03:03',NULL);

/*Table structure for table `maquina_estados` */

DROP TABLE IF EXISTS `maquina_estados`;

CREATE TABLE `maquina_estados` (
  `id` int(11) NOT NULL AUTO_INCREMENT,
  `clave` varchar(30) NOT NULL,
  `nombre` varchar(80) NOT NULL,
  `color` varchar(30) NOT NULL,
  PRIMARY KEY (`id`),
  UNIQUE KEY `uq_maquina_estado_clave` (`clave`)
) ENGINE=InnoDB AUTO_INCREMENT=5 DEFAULT CHARSET=utf8mb4 COLLATE=utf8mb4_unicode_ci;

/*Data for the table `maquina_estados` */

insert  into `maquina_estados`(`id`,`clave`,`nombre`,`color`) values 
(1,'trabajando','Trabajando','verde'),
(2,'paro','Paro','rojo'),
(3,'mantenimiento','Mantenimiento','naranja'),
(4,'limpieza','Limpieza','azul');

/*Table structure for table `maquinas` */

DROP TABLE IF EXISTS `maquinas`;

CREATE TABLE `maquinas` (
  `id` int(11) NOT NULL AUTO_INCREMENT,
  `nombre` varchar(150) NOT NULL,
  `descripcion` text DEFAULT NULL,
  `id_area` int(11) DEFAULT NULL,
  `activo` tinyint(1) NOT NULL DEFAULT 1,
  `created_at` timestamp NOT NULL DEFAULT current_timestamp(),
  PRIMARY KEY (`id`),
  KEY `fk_maquinas_area` (`id_area`),
  CONSTRAINT `fk_maquinas_area` FOREIGN KEY (`id_area`) REFERENCES `areas` (`id`) ON DELETE SET NULL ON UPDATE CASCADE
) ENGINE=InnoDB AUTO_INCREMENT=52 DEFAULT CHARSET=utf8mb4 COLLATE=utf8mb4_unicode_ci;

/*Data for the table `maquinas` */

insert  into `maquinas`(`id`,`nombre`,`descripcion`,`id_area`,`activo`,`created_at`) values 
(1,'Colector-carros','',1,1,'2026-06-23 10:37:07'),
(2,'Molino1','CICLON',1,1,'2026-06-23 10:37:07'),
(3,'Molino10','',1,1,'2026-06-23 10:37:07'),
(4,'Molino11','COLECTOR',1,1,'2026-06-23 10:37:07'),
(5,'Molino12','CICLON',1,1,'2026-06-23 10:37:07'),
(6,'Molino13','HIBRIDO',1,1,'2026-06-23 10:37:07'),
(7,'Molino14','HIBRIDO',1,1,'2026-06-23 10:37:07'),
(8,'Molino15','COLECTOR',1,1,'2026-06-23 10:37:07'),
(9,'Molino16','COLECTOR',1,1,'2026-06-23 10:37:07'),
(10,'Molino2','COLECTOR',1,1,'2026-06-23 10:37:07'),
(11,'Molino3','HIBRIDO',1,1,'2026-06-23 10:37:07'),
(12,'Molino4','CICLON',1,1,'2026-06-23 10:37:07'),
(13,'Molino5','HIBRIDO',1,1,'2026-06-23 10:37:07'),
(14,'Molino6','COLECTOR',1,1,'2026-06-23 10:37:07'),
(15,'Molino7','CICLON',1,1,'2026-06-23 10:37:07'),
(16,'Molino8','COLECTOR',1,1,'2026-06-23 10:37:07'),
(17,'Molino9','',1,1,'2026-06-23 10:37:07'),
(18,'Molino1A','',1,1,'2026-06-23 10:37:07'),
(19,'Molino17','',1,1,'2026-06-23 10:37:07'),
(20,'Molino18','',1,1,'2026-06-23 10:37:07'),
(21,'Molino3A','',1,1,'2026-06-23 10:37:07'),
(22,'Molino4A','',1,1,'2026-06-23 10:37:07'),
(23,'Extrusor1','54.2',2,1,'2026-06-23 10:59:48'),
(24,'Extrusor10','',2,1,'2026-06-23 10:59:48'),
(25,'Extrusor16','',2,1,'2026-06-23 10:59:48'),
(26,'Extrusor9','54.3',2,1,'2026-06-23 10:59:48'),
(27,'Extrusor15','54.6',2,1,'2026-06-23 10:59:48'),
(28,'Extrusor17','54.8',2,1,'2026-06-23 10:59:48'),
(29,'Extrusor5','54.5',2,1,'2026-06-23 10:59:48'),
(30,'Extrusor2','BUSS 1',2,1,'2026-06-23 10:59:48'),
(31,'Extrusor3','70.2',2,1,'2026-06-23 10:59:48'),
(32,'Extrusor12','BUSS 2',2,1,'2026-06-23 10:59:48'),
(33,'Extrusor10','-54.7',2,1,'2026-06-23 10:59:48'),
(34,'Extrusor16','-70.3',2,1,'2026-06-23 10:59:48'),
(35,'Extrusor7','-58',2,1,'2026-06-23 10:59:48'),
(36,'Extrusor4','',2,1,'2026-06-23 10:59:48'),
(37,'Extrusor8','40',2,1,'2026-06-23 10:59:48'),
(38,'Extrusor11','70.1',2,1,'2026-06-23 10:59:48'),
(39,'Extrusor13','26.1',2,1,'2026-06-23 10:59:48'),
(40,'Extrusor14','',2,1,'2026-06-23 10:59:48'),
(41,'Mezcladora1','',4,1,'2026-06-23 11:03:25'),
(42,'Mezcladora2','',4,1,'2026-06-23 11:03:25'),
(43,'Mezcladora3','',4,1,'2026-06-23 11:03:25'),
(44,'Mezcladora4','',4,1,'2026-06-23 11:03:25'),
(45,'Mezcladora5','',4,1,'2026-06-23 11:03:25'),
(46,'Mezcladora6','',4,1,'2026-06-23 11:03:25'),
(47,'Mezcladora7','',4,1,'2026-06-23 11:03:25'),
(48,'Bonding1','',4,1,'2026-06-23 11:03:25'),
(49,'Bonding2','',4,1,'2026-06-23 11:03:25'),
(50,'Criva1','',4,1,'2026-06-23 11:03:25'),
(51,'Criva3','',4,1,'2026-06-23 11:03:25');

/*Table structure for table `maquinas_estado_actual` */

DROP TABLE IF EXISTS `maquinas_estado_actual`;

CREATE TABLE `maquinas_estado_actual` (
  `id` int(11) NOT NULL AUTO_INCREMENT,
  `maquina_id` int(11) NOT NULL,
  `estado_id` int(11) NOT NULL,
  `fecha` date NOT NULL,
  `hora` time NOT NULL,
  `observaciones` text DEFAULT NULL,
  `usuario_id` int(11) DEFAULT NULL,
  `created_at` timestamp NOT NULL DEFAULT current_timestamp(),
  PRIMARY KEY (`id`),
  UNIQUE KEY `uq_maquina_estado_actual` (`maquina_id`),
  KEY `idx_maquina_estado_estado` (`estado_id`),
  KEY `fk_maquina_estado_actual_usuario` (`usuario_id`),
  CONSTRAINT `fk_maquina_estado_actual_estado` FOREIGN KEY (`estado_id`) REFERENCES `maquina_estados` (`id`) ON DELETE CASCADE ON UPDATE CASCADE,
  CONSTRAINT `fk_maquina_estado_actual_maquina` FOREIGN KEY (`maquina_id`) REFERENCES `maquinas` (`id`) ON DELETE CASCADE ON UPDATE CASCADE,
  CONSTRAINT `fk_maquina_estado_actual_usuario` FOREIGN KEY (`usuario_id`) REFERENCES `usuarios` (`id`) ON DELETE SET NULL ON UPDATE CASCADE
) ENGINE=InnoDB AUTO_INCREMENT=21 DEFAULT CHARSET=utf8mb4 COLLATE=utf8mb4_unicode_ci;

/*Data for the table `maquinas_estado_actual` */

insert  into `maquinas_estado_actual`(`id`,`maquina_id`,`estado_id`,`fecha`,`hora`,`observaciones`,`usuario_id`,`created_at`) values 
(8,19,4,'2026-06-26','17:54:55',NULL,4,'2026-06-26 17:54:55'),
(9,1,2,'2026-06-29','14:50:55',NULL,4,'2026-06-26 17:55:04'),
(10,3,3,'2026-06-26','17:55:16',NULL,4,'2026-06-26 17:55:16'),
(11,4,4,'2026-06-29','12:01:51',NULL,4,'2026-06-26 17:55:21'),
(12,2,4,'2026-06-26','17:58:15',NULL,4,'2026-06-26 17:58:05');

/*Table structure for table `maquinas_estado_historial` */

DROP TABLE IF EXISTS `maquinas_estado_historial`;

CREATE TABLE `maquinas_estado_historial` (
  `id` int(11) NOT NULL AUTO_INCREMENT,
  `maquina_id` int(11) NOT NULL,
  `estado_id` int(11) NOT NULL,
  `fecha` date NOT NULL,
  `hora` time NOT NULL,
  `observaciones` text DEFAULT NULL,
  `usuario_id` int(11) DEFAULT NULL,
  `created_at` timestamp NOT NULL DEFAULT current_timestamp(),
  PRIMARY KEY (`id`),
  KEY `idx_hist_maquina` (`maquina_id`),
  KEY `idx_hist_estado` (`estado_id`),
  KEY `idx_hist_fecha` (`fecha`),
  KEY `fk_hist_usuario` (`usuario_id`),
  CONSTRAINT `fk_hist_estado` FOREIGN KEY (`estado_id`) REFERENCES `maquina_estados` (`id`) ON DELETE CASCADE ON UPDATE CASCADE,
  CONSTRAINT `fk_hist_maquina` FOREIGN KEY (`maquina_id`) REFERENCES `maquinas` (`id`) ON DELETE CASCADE ON UPDATE CASCADE,
  CONSTRAINT `fk_hist_usuario` FOREIGN KEY (`usuario_id`) REFERENCES `usuarios` (`id`) ON DELETE SET NULL ON UPDATE CASCADE
) ENGINE=InnoDB AUTO_INCREMENT=14 DEFAULT CHARSET=utf8mb4 COLLATE=utf8mb4_unicode_ci;

/*Data for the table `maquinas_estado_historial` */

insert  into `maquinas_estado_historial`(`id`,`maquina_id`,`estado_id`,`fecha`,`hora`,`observaciones`,`usuario_id`,`created_at`) values 
(1,19,4,'2026-06-26','17:54:55',NULL,4,'2026-06-26 17:54:55'),
(2,1,2,'2026-06-26','17:55:04',NULL,4,'2026-06-26 17:55:04'),
(3,3,3,'2026-06-26','17:55:16',NULL,4,'2026-06-26 17:55:16'),
(4,4,4,'2026-06-26','17:55:21',NULL,4,'2026-06-26 17:55:21'),
(5,2,2,'2026-06-26','17:58:05',NULL,4,'2026-06-26 17:58:05'),
(6,2,4,'2026-06-26','17:58:15',NULL,4,'2026-06-26 17:58:15'),
(7,1,3,'2026-06-26','17:59:10',NULL,4,'2026-06-26 17:59:10'),
(8,1,4,'2026-06-26','18:02:48',NULL,4,'2026-06-26 18:02:48'),
(9,1,3,'2026-06-29','09:12:09',NULL,4,'2026-06-29 09:12:09'),
(10,1,1,'2026-06-29','09:38:00',NULL,4,'2026-06-29 09:38:00'),
(11,4,1,'2026-06-29','12:01:48',NULL,4,'2026-06-29 12:01:48'),
(12,4,4,'2026-06-29','12:01:51',NULL,4,'2026-06-29 12:01:51'),
(13,1,2,'2026-06-29','14:50:55',NULL,4,'2026-06-29 14:50:55');

/*Table structure for table `turnos` */

DROP TABLE IF EXISTS `turnos`;

CREATE TABLE `turnos` (
  `id` int(11) NOT NULL AUTO_INCREMENT,
  `nombre` varchar(80) NOT NULL,
  `hora_inicio` time DEFAULT NULL,
  `hora_fin` time DEFAULT NULL,
  `color` varchar(30) NOT NULL,
  `activo` tinyint(1) NOT NULL DEFAULT 1,
  `created_at` timestamp NOT NULL DEFAULT current_timestamp(),
  PRIMARY KEY (`id`),
  KEY `idx_turnos_activo` (`activo`)
) ENGINE=InnoDB AUTO_INCREMENT=6 DEFAULT CHARSET=utf8mb4 COLLATE=utf8mb4_unicode_ci;

/*Data for the table `turnos` */

insert  into `turnos`(`id`,`nombre`,`hora_inicio`,`hora_fin`,`color`,`activo`,`created_at`) values 
(1,'06:00 A 14:00','06:00:00','14:00:00','verde',1,'2026-06-26 15:31:07'),
(2,'14:00 A 21:30','14:00:00','21:30:00','naranja',1,'2026-06-26 15:31:07'),
(3,'21:30 A 06:00','21:30:00','06:00:00','azul',1,'2026-06-26 15:31:07'),
(4,'08:30 A 18:15','08:30:00','18:15:00','rosa',1,'2026-06-26 15:31:07'),
(5,'TIEMPO EXTRA',NULL,NULL,'amarillo',1,'2026-06-26 15:31:07');

/*Table structure for table `usuarios` */

DROP TABLE IF EXISTS `usuarios`;

CREATE TABLE `usuarios` (
  `id` int(11) NOT NULL AUTO_INCREMENT,
  `nombre` varchar(120) NOT NULL,
  `usuario` varchar(80) NOT NULL,
  `password` varchar(255) NOT NULL,
  `tipo` enum('administrador','supervisor','usuario') NOT NULL DEFAULT 'usuario',
  `area_id` int(11) DEFAULT NULL,
  `correo` varchar(255) DEFAULT NULL,
  `activo` tinyint(1) NOT NULL DEFAULT 1,
  `created_at` timestamp NOT NULL DEFAULT current_timestamp(),
  `updated_at` timestamp NULL DEFAULT NULL ON UPDATE current_timestamp(),
  PRIMARY KEY (`id`),
  UNIQUE KEY `usuario` (`usuario`),
  KEY `area_id` (`area_id`),
  CONSTRAINT `usuarios_ibfk_1` FOREIGN KEY (`area_id`) REFERENCES `areas` (`id`) ON DELETE SET NULL
) ENGINE=InnoDB AUTO_INCREMENT=8 DEFAULT CHARSET=utf8mb4 COLLATE=utf8mb4_unicode_ci;

/*Data for the table `usuarios` */

insert  into `usuarios`(`id`,`nombre`,`usuario`,`password`,`tipo`,`area_id`,`correo`,`activo`,`created_at`,`updated_at`) values 
(4,'485','485','$2y$10$HvoDF9MlkcxhbDcBOWMZ3O7Xeh532D5JZpHyOFzEL/VqiXcU6Mwoa','administrador',NULL,'',1,'2026-06-22 18:13:57','2026-06-23 10:09:20'),
(5,'Ignacio Huerta','Ignacio','$2y$10$VamKjLt2uo6o9pauUZkP6Of9BmPXt1cWfWEKI8e22uF29Ovhvq7Q.','administrador',NULL,'ihuerta@vitracoat.com',1,'2026-06-23 10:11:11',NULL),
(6,'Juan Manuel Ortiz','Mortiz','$2y$10$eT2LmjPYfvORHojLsbwT8OaGhYAGRmVSKVrmlA7bimc5xG9PkwMH.','usuario',1,'',1,'2026-06-23 10:46:35',NULL),
(7,'Manuel Perez','Mperez','$2y$10$nsJI9MYBRtdZtMqpjcmd.exX/FCM5qkvuYaO1gPlThTdN.eogjKjW','administrador',NULL,'',1,'2026-06-23 10:47:04',NULL);

/*!40101 SET SQL_MODE=@OLD_SQL_MODE */;
/*!40014 SET FOREIGN_KEY_CHECKS=@OLD_FOREIGN_KEY_CHECKS */;
/*!40014 SET UNIQUE_CHECKS=@OLD_UNIQUE_CHECKS */;
/*!40111 SET SQL_NOTES=@OLD_SQL_NOTES */;
